Product_Type,Air_Temperature_K,Process_Temperature_K,Rotational_Speed_rpm,Torque_Nm,Tool_Wear_min,Vibration_mm_s,Machine_Failure,Failure_Type
L,295.0,303.83,1540.2,39.45,95.8,4.05,0,No Failure
H,304.58,313.69,1622.0,30.78,235.2,4.88,0,No Failure
M,297.22,307.82,1491.0,40.07,54.2,5.2,0,No Failure
M,296.71,305.76,1216.6,25.21,146.9,6.04,0,No Failure
L,302.05,312.51,1462.3,35.12,103.9,2.69,0,No Failure
L,304.88,313.51,1676.9,25.64,17.0,3.83,0,No Failure
L,302.77,313.62,1486.0,46.94,117.1,5.01,0,No Failure
H,301.13,309.9,1494.9,47.17,168.5,5.42,0,No Failure
M,301.19,311.74,1710.6,22.7,123.2,7.13,0,No Failure
M,301.71,312.33,1413.4,53.34,209.3,5.65,1,Overstrain Failure
L,301.52,310.82,1268.0,64.97,69.3,4.43,0,No Failure
H,300.56,311.14,1509.9,40.46,20.7,3.43,0,No Failure
H,300.21,310.47,1453.3,33.59,224.8,3.82,0,No Failure
L,299.87,309.34,1368.9,68.24,90.8,3.79,1,Power Failure
L,298.49,307.48,1507.3,26.81,138.3,5.29,0,No Failure
L,299.44,307.48,1624.0,40.2,190.1,4.81,0,No Failure
L,296.61,306.96,1536.4,41.8,77.8,2.91,0,No Failure
M,299.8,308.24,1591.7,53.45,171.9,3.98,0,No Failure
L,298.02,308.12,1855.3,43.6,32.5,5.55,0,No Failure
L,297.79,307.53,1478.0,35.01,69.9,4.92,0,No Failure
M,300.36,311.04,1586.7,30.49,34.7,5.18,0,No Failure
L,302.78,312.48,1448.9,36.58,194.7,4.96,0,No Failure
L,301.84,311.51,1389.9,29.93,53.4,6.45,0,No Failure
L,296.86,307.59,1435.6,40.48,172.2,4.78,0,No Failure
L,298.02,308.36,1454.2,34.36,226.4,4.04,0,No Failure
M,301.88,312.2,1600.9,25.06,126.7,3.4,0,No Failure
L,298.04,308.5,1949.1,52.55,129.6,4.8,1,Power Failure
M,299.55,308.02,1412.7,35.02,110.6,1.57,0,No Failure
M,301.1,311.86,1465.1,27.32,78.2,4.28,0,No Failure
L,298.06,308.68,1527.0,38.32,114.2,4.25,0,No Failure
M,300.21,309.19,1607.3,40.68,144.7,2.86,0,No Failure
L,297.33,307.09,1584.1,22.54,236.6,3.39,0,No Failure
L,298.8,308.76,1762.7,43.32,225.1,5.47,0,No Failure
H,300.64,310.51,1113.4,29.53,206.9,4.78,0,No Failure
H,296.81,307.15,1120.3,57.11,213.4,4.62,1,Overstrain Failure
H,300.88,312.31,1451.2,45.24,112.3,4.87,0,No Failure
L,299.96,311.04,1730.0,36.0,157.8,4.61,0,No Failure
L,301.1,309.79,1264.0,32.55,214.8,5.99,0,No Failure
M,300.45,311.07,1011.7,38.95,94.3,4.65,0,No Failure
L,302.73,314.06,1638.0,46.13,230.8,2.75,0,No Failure
L,300.25,310.64,1580.6,39.75,99.8,6.46,0,No Failure
L,299.14,310.23,1347.2,37.83,144.3,4.94,0,No Failure
L,300.24,312.26,1365.5,40.58,170.4,3.79,0,No Failure
H,301.09,312.11,1368.3,33.96,228.1,3.0,0,No Failure
L,300.1,310.35,1557.3,36.57,58.7,4.98,0,No Failure
M,300.08,311.13,1428.4,19.14,179.1,4.36,1,Power Failure
L,298.6,308.74,1624.5,49.74,125.0,6.39,0,No Failure
M,298.67,308.7,1038.4,42.99,64.5,4.08,0,No Failure
M,297.19,306.84,1388.1,32.27,186.4,3.5,0,No Failure
L,303.5,315.06,1340.9,58.99,132.5,5.57,0,No Failure
H,297.51,306.69,1493.1,40.87,158.6,5.61,0,No Failure
M,298.61,310.15,1443.8,29.64,77.5,4.7,0,No Failure
H,298.56,309.06,1677.6,48.57,115.5,5.31,0,No Failure
H,301.79,310.39,1212.6,43.98,148.2,4.45,0,No Failure
M,299.41,309.78,1546.0,43.95,97.2,4.78,0,No Failure
H,302.5,310.4,1635.7,35.74,47.6,5.9,0,No Failure
L,298.65,309.28,1862.9,44.5,230.8,5.25,0,No Failure
L,300.56,311.44,1453.7,37.38,122.8,4.3,0,No Failure
L,298.33,307.74,1594.8,45.56,176.1,6.12,0,No Failure
L,304.29,314.41,1222.3,20.95,98.7,1.66,1,Power Failure
L,297.62,309.58,1119.4,35.66,85.2,6.96,0,No Failure
L,300.62,310.11,1685.8,57.22,97.7,2.45,1,Power Failure
H,301.27,310.21,1537.0,32.33,98.2,3.75,0,No Failure
L,300.83,312.31,1744.2,33.96,130.6,4.45,0,No Failure
L,299.63,311.59,1297.7,35.52,130.4,4.32,0,No Failure
M,299.74,309.74,1629.0,27.85,119.3,5.71,0,No Failure
L,300.09,311.1,1865.0,17.92,32.3,3.23,0,No Failure
H,299.71,311.05,1611.4,37.69,119.1,4.81,0,No Failure
L,301.93,311.19,1586.4,41.36,40.6,3.81,0,No Failure
H,304.42,313.94,1539.5,39.47,30.3,4.85,0,No Failure
M,298.89,310.12,1263.1,38.55,223.8,4.42,0,No Failure
L,297.26,308.95,1775.2,40.43,145.2,4.61,0,No Failure
L,299.82,310.39,1431.1,50.23,158.3,3.84,0,No Failure
H,305.16,314.28,1626.3,38.1,96.4,3.89,0,No Failure
M,298.39,310.38,1264.5,34.26,218.2,4.84,0,No Failure
M,303.28,312.75,1331.6,37.19,153.1,5.63,0,No Failure
M,303.36,313.02,1789.1,45.79,184.6,3.78,0,No Failure
L,298.89,309.24,1477.2,54.12,88.5,3.46,0,No Failure
L,301.14,312.69,1792.3,33.72,230.4,5.24,0,No Failure
L,303.26,314.11,1524.3,40.99,196.9,4.46,0,No Failure
H,299.24,309.66,1215.7,43.38,204.9,5.5,0,No Failure
M,299.59,310.06,1694.1,30.07,41.3,3.41,0,No Failure
L,298.84,308.88,1434.8,40.2,65.0,2.36,0,No Failure
L,297.97,308.53,1660.3,25.34,68.6,3.86,0,No Failure
L,298.7,306.17,1542.4,22.31,65.0,3.58,0,No Failure
L,297.55,307.26,1268.0,43.67,205.3,4.41,0,No Failure
M,300.07,310.31,1566.8,36.16,7.7,3.74,0,No Failure
M,298.46,307.31,1922.3,42.02,18.3,5.39,0,No Failure
H,300.47,310.85,1624.3,39.82,65.7,4.15,0,No Failure
L,296.89,306.68,1527.9,30.24,48.0,4.68,0,No Failure
L,300.66,312.42,1726.2,39.55,55.6,4.69,0,No Failure
M,301.67,313.24,1574.9,27.67,191.5,4.73,0,No Failure
M,296.01,305.55,1574.7,53.91,135.2,4.47,0,No Failure
M,300.75,310.6,1347.0,26.44,1.4,5.11,0,No Failure
M,302.46,312.38,1578.9,38.04,103.0,3.55,0,No Failure
L,297.58,307.13,1719.2,29.58,97.9,6.18,0,No Failure
M,303.35,313.54,1391.7,45.7,27.3,4.22,0,No Failure
L,300.84,310.08,1787.3,36.69,162.3,2.93,0,No Failure
L,298.59,307.46,1522.0,34.81,168.5,4.73,0,No Failure
L,299.89,310.51,1382.6,48.53,173.0,3.48,0,No Failure
L,301.12,311.75,1712.6,40.29,174.8,5.3,0,No Failure
M,300.15,309.35,1487.8,45.17,0.0,7.15,0,No Failure
L,301.08,311.97,1670.9,30.19,228.9,3.56,0,No Failure
M,298.16,307.53,1486.9,25.95,195.4,4.9,0,No Failure
H,300.34,310.59,1527.5,41.07,217.0,2.39,0,No Failure
L,297.17,307.99,1624.4,36.81,3.8,5.04,0,No Failure
L,299.78,309.74,1588.9,46.26,224.1,3.44,0,No Failure
M,298.19,308.65,1188.8,39.2,194.3,3.75,0,No Failure
L,298.53,308.01,1341.8,42.05,200.9,3.18,0,No Failure
L,302.47,312.28,1700.6,23.77,22.4,5.38,0,No Failure
L,302.18,311.98,1514.9,58.88,177.3,5.71,1,Power Failure
L,301.22,310.47,1446.3,38.36,230.4,4.53,0,No Failure
H,297.82,307.64,1300.2,46.98,162.9,3.46,0,No Failure
H,299.37,307.82,1349.0,31.64,136.9,6.41,1,Heat Dissipation Failure
M,302.43,311.94,1184.2,43.08,227.0,3.6,0,No Failure
H,300.28,310.0,1520.3,26.97,106.3,1.91,0,No Failure
H,304.64,314.38,1433.3,44.52,143.8,5.05,0,No Failure
L,300.79,310.55,1368.8,36.44,114.3,3.17,0,No Failure
H,300.38,310.32,1526.1,40.29,223.9,5.69,0,No Failure
M,299.38,309.86,1601.7,46.98,18.3,4.04,0,No Failure
H,300.27,311.14,1904.3,27.67,120.3,5.22,0,No Failure
H,299.7,309.05,1273.4,33.16,164.9,6.18,0,No Failure
L,301.42,310.21,1740.9,44.57,190.1,3.05,0,No Failure
L,301.91,310.87,1708.3,60.98,139.9,3.82,1,Power Failure
L,298.43,307.94,1401.7,38.62,218.1,4.41,0,No Failure
L,297.34,306.99,1573.6,45.91,226.1,6.35,1,Tool Wear Failure
H,296.33,305.56,1457.9,38.93,15.4,3.71,0,No Failure
H,301.02,309.72,1570.5,59.42,96.6,3.79,1,Power Failure
L,297.79,307.34,1802.1,22.53,5.6,5.07,0,No Failure
M,295.69,305.88,1644.0,40.95,79.1,3.81,0,No Failure
L,300.78,311.37,1627.0,23.74,128.8,4.68,0,No Failure
L,304.99,314.43,1462.7,14.93,218.6,2.64,1,Power Failure
L,299.99,309.57,1278.3,42.97,203.2,7.16,0,No Failure
L,301.68,310.75,1501.5,41.39,30.6,2.88,0,No Failure
H,300.16,310.13,1749.2,37.15,22.3,4.11,0,No Failure
L,299.8,308.95,1270.7,38.94,141.4,4.46,0,No Failure
M,301.84,312.41,1353.4,70.98,127.7,6.8,1,Power Failure
M,299.42,307.63,1560.1,37.42,63.9,2.91,0,No Failure
L,300.53,310.18,1365.7,45.1,215.9,6.88,1,Tool Wear Failure
H,300.64,310.94,1399.3,33.51,222.6,5.41,0,No Failure
H,298.66,308.85,1463.9,42.95,96.6,5.0,0,No Failure
L,301.98,314.68,1299.0,37.62,213.7,3.32,0,No Failure
L,299.65,310.0,1367.5,35.89,92.1,5.19,0,No Failure
L,298.49,307.48,1661.1,58.19,176.8,3.63,1,Power Failure
L,301.07,310.98,1309.2,51.77,114.2,6.02,0,No Failure
L,298.2,306.43,1258.4,41.37,29.4,3.33,1,Heat Dissipation Failure
M,300.06,309.98,1427.7,16.96,222.7,4.36,1,Power Failure
M,299.98,309.15,1666.1,36.39,109.0,3.83,0,No Failure
L,302.17,313.09,1503.5,67.03,176.3,3.31,1,Overstrain Failure
L,300.95,310.4,1456.7,37.69,88.1,5.39,0,No Failure
H,299.95,309.83,1545.8,51.03,4.5,5.14,0,No Failure
L,301.64,311.0,1232.5,54.42,24.1,5.95,0,No Failure
L,302.78,314.52,1624.6,42.19,119.1,2.36,0,No Failure
L,301.12,310.79,1605.1,31.58,165.6,5.78,0,No Failure
H,300.02,311.85,1466.4,15.65,80.3,7.51,1,Power Failure
L,297.38,308.19,1714.0,46.84,166.9,3.96,0,No Failure
M,297.87,308.35,1340.7,31.85,167.7,6.77,0,No Failure
M,299.39,309.76,1735.4,41.76,168.9,4.18,0,No Failure
L,298.78,309.17,1565.0,27.5,118.2,2.85,0,No Failure
M,299.63,307.7,1479.1,37.35,219.6,4.13,0,No Failure
L,300.11,309.83,1534.5,40.34,117.4,5.76,0,No Failure
M,301.06,311.9,1519.2,42.69,108.1,3.49,0,No Failure
M,299.86,309.81,1751.5,28.85,47.9,3.78,0,No Failure
M,300.97,309.57,1349.6,51.97,73.8,5.21,1,Heat Dissipation Failure
L,300.13,310.08,1404.6,34.03,10.2,4.5,0,No Failure
H,296.05,307.75,1719.4,23.26,152.0,5.2,0,No Failure
L,298.12,309.37,1433.8,38.91,59.6,4.79,0,No Failure
L,299.71,309.65,1695.6,40.34,73.0,5.08,0,No Failure
L,297.58,308.53,1835.4,41.61,185.0,3.98,0,No Failure
M,301.2,310.83,1467.7,53.62,78.5,4.78,0,No Failure
M,303.06,311.36,1657.2,37.64,58.1,3.39,0,No Failure
L,302.44,311.51,1336.1,38.8,40.6,6.05,0,No Failure
M,299.57,311.14,1670.1,28.97,186.0,3.74,0,No Failure
L,302.98,312.71,1572.9,48.21,31.1,5.85,0,No Failure
M,300.3,310.05,1620.8,41.84,108.9,4.22,0,No Failure
L,299.33,309.03,1425.0,35.8,121.7,4.74,0,No Failure
M,298.77,310.68,1247.3,20.95,165.0,3.91,1,Power Failure
L,299.4,311.02,1626.1,54.44,152.0,3.28,1,Power Failure
H,299.22,311.44,1176.9,27.72,194.6,2.41,0,No Failure
L,300.34,310.18,1482.5,34.09,10.7,3.23,0,No Failure
L,300.32,310.62,1702.7,43.58,71.1,4.11,0,No Failure
L,300.01,308.49,1571.6,28.03,67.2,4.75,0,No Failure
H,300.87,312.35,1879.0,25.06,35.0,5.71,0,No Failure
H,302.38,311.21,1717.4,18.76,69.4,3.97,0,No Failure
L,301.9,312.12,1423.6,47.21,74.3,3.44,0,No Failure
M,297.03,305.93,1542.8,34.55,125.3,2.77,0,No Failure
H,294.89,304.3,1529.7,69.27,159.3,5.08,1,Overstrain Failure
M,301.87,311.03,1261.1,30.06,91.5,6.16,0,No Failure
M,297.27,306.66,1373.4,30.79,172.7,6.02,0,No Failure
L,299.55,309.01,1439.9,34.35,80.7,5.35,0,No Failure
L,297.66,307.11,1181.7,42.43,69.7,5.27,0,No Failure
H,296.4,307.23,1546.3,35.3,129.9,6.54,0,No Failure
H,301.08,309.98,1494.4,46.12,5.7,4.9,0,No Failure
M,301.52,311.74,1245.2,30.21,19.1,5.28,0,No Failure
L,298.85,310.06,1608.7,26.18,100.3,4.12,0,No Failure
L,294.82,304.3,1663.3,22.02,226.3,2.87,0,No Failure
M,298.91,308.19,1577.7,17.76,173.2,3.68,1,Power Failure
H,300.78,310.55,1481.3,34.82,21.2,4.49,0,No Failure
H,297.04,308.22,1641.5,36.99,203.1,4.57,0,No Failure
M,300.37,310.56,1657.0,33.69,175.8,6.81,0,No Failure
M,299.97,309.44,1591.8,52.43,146.6,4.6,0,No Failure
L,301.16,311.64,1393.7,52.28,196.9,5.91,0,No Failure
L,300.24,309.14,1586.4,36.65,97.0,3.98,0,No Failure
H,298.05,308.74,1747.2,22.06,53.2,4.13,0,No Failure
M,302.39,312.8,1433.6,34.33,122.9,2.91,0,No Failure
L,299.68,309.38,1905.1,34.0,131.7,3.61,0,No Failure
L,299.95,309.11,1446.0,33.43,129.2,5.13,0,No Failure
M,298.13,307.25,1543.7,33.02,135.6,4.51,0,No Failure
L,299.11,309.65,1420.3,33.47,227.7,5.63,0,No Failure
L,298.23,309.46,1577.1,36.13,216.5,4.72,0,No Failure
M,299.65,309.02,1233.1,33.64,210.2,4.08,0,No Failure
M,303.42,313.88,1442.4,42.08,192.3,7.08,0,No Failure
M,297.26,305.17,1346.9,43.6,226.4,4.39,1,Heat Dissipation Failure
L,296.77,306.19,1561.7,30.89,23.6,5.9,0,No Failure
M,302.94,312.91,1712.0,52.71,63.6,4.02,1,Power Failure
L,299.58,308.67,1651.1,30.2,118.8,5.35,0,No Failure
L,298.66,307.73,1123.0,23.82,203.2,5.61,1,Power Failure
M,302.08,311.41,1895.4,43.81,121.2,4.75,0,No Failure
M,298.79,309.08,1589.7,31.83,179.5,1.67,0,No Failure
H,303.65,313.46,1402.1,43.21,33.4,4.52,0,No Failure
M,301.36,309.12,1565.5,15.96,60.6,5.98,1,Power Failure
M,299.02,306.9,1568.8,53.92,175.6,5.13,0,No Failure
L,304.31,313.71,1421.3,46.72,39.5,5.04,0,No Failure
L,298.79,309.25,1572.6,25.0,84.3,2.43,0,No Failure
L,301.48,308.74,1431.7,25.21,63.6,3.64,0,No Failure
L,300.6,310.1,1467.2,56.72,84.0,4.99,0,No Failure
H,302.6,312.08,1417.9,32.63,170.0,4.99,0,No Failure
L,303.12,314.51,1287.3,31.66,88.3,5.96,0,No Failure
H,300.06,309.68,1563.5,17.34,133.3,4.33,1,Power Failure
M,298.49,308.88,1640.4,36.49,24.0,4.99,0,No Failure
M,300.92,311.06,1628.1,37.72,193.2,4.52,0,No Failure
M,298.64,306.51,1681.5,47.15,88.8,3.32,0,No Failure
M,304.03,314.79,1594.8,26.01,155.6,1.79,0,No Failure
L,300.27,310.49,1444.8,24.8,174.1,5.02,0,No Failure
L,299.27,309.78,1684.9,44.51,50.3,4.71,0,No Failure
M,300.37,314.3,1300.4,50.07,212.3,3.76,0,No Failure
L,297.31,305.22,1380.4,24.29,147.9,2.56,0,No Failure
L,298.06,309.78,1369.3,50.82,102.9,5.26,0,No Failure
M,302.4,312.11,1727.0,40.38,43.8,4.18,0,No Failure
L,298.69,308.97,1703.0,50.92,226.2,5.17,1,Overstrain Failure
H,297.91,307.86,1623.3,39.3,181.2,6.74,0,No Failure
H,301.07,310.65,1725.6,14.78,49.9,1.93,1,Power Failure
H,302.37,311.8,1384.1,38.48,81.1,3.66,0,No Failure
L,301.44,311.77,1599.0,50.6,194.3,4.25,0,No Failure
L,301.99,310.47,1516.1,31.06,167.0,6.25,0,No Failure
H,298.49,309.24,1686.2,36.12,183.8,2.54,0,No Failure
L,297.16,306.74,1517.8,38.24,105.9,6.82,0,No Failure
H,303.0,311.87,1470.6,11.0,172.0,4.66,1,Power Failure
H,299.35,308.9,1632.7,56.71,92.8,4.38,1,Power Failure
H,299.5,310.76,1691.3,30.99,50.7,4.26,0,No Failure
L,302.66,312.12,1421.0,45.06,151.8,3.98,0,No Failure
L,301.11,311.47,1527.3,39.13,234.2,5.76,0,No Failure
H,300.91,310.18,1352.8,52.58,74.5,3.22,0,No Failure
L,304.33,315.09,1100.8,44.06,110.6,4.91,0,No Failure
L,298.71,309.4,1573.1,37.65,161.8,4.04,0,No Failure
M,301.86,313.7,1644.6,31.06,130.0,3.59,0,No Failure
H,300.11,309.94,1583.9,47.98,202.4,7.6,0,No Failure
M,300.54,311.21,1196.8,21.27,182.8,5.0,1,Power Failure
M,303.06,313.16,1476.6,46.46,14.0,5.24,0,No Failure
L,301.02,312.31,1149.8,29.01,239.6,5.87,0,No Failure
M,301.08,310.36,1777.7,52.52,180.6,2.79,1,Power Failure
H,302.15,312.89,1347.9,41.61,207.3,6.6,0,No Failure
L,299.27,309.08,1757.7,46.44,156.3,1.49,0,No Failure
M,298.32,308.26,1703.5,40.82,205.5,3.58,0,No Failure
H,297.91,308.0,1380.4,22.48,27.0,3.95,0,No Failure
M,296.07,306.32,1339.8,31.39,83.5,5.2,0,No Failure
M,304.11,314.0,1599.3,46.72,210.3,4.76,0,No Failure
M,297.79,308.01,1390.2,41.67,48.4,4.3,0,No Failure
L,299.56,311.14,1555.9,51.81,18.8,4.49,0,No Failure
L,299.45,310.43,1453.5,44.03,189.1,3.33,0,No Failure
H,300.61,311.48,1226.3,30.33,200.5,2.7,0,No Failure
H,301.63,311.18,1147.7,32.04,39.0,5.37,0,No Failure
H,301.72,310.83,1577.7,41.03,205.0,5.33,0,No Failure
H,298.83,309.79,1439.7,16.86,164.8,6.4,1,Power Failure
M,299.67,310.54,1441.2,56.73,124.8,3.55,0,No Failure
M,300.57,312.04,1659.8,44.42,199.3,5.33,0,No Failure
M,299.5,308.9,1743.4,52.27,100.6,4.16,1,Power Failure
M,303.21,312.99,1490.3,24.19,46.6,5.93,0,No Failure
M,300.98,309.34,1478.4,52.45,68.4,5.73,0,No Failure
M,301.47,311.08,1625.5,62.31,121.2,4.75,1,Power Failure
H,301.33,312.32,1300.5,26.79,127.5,4.09,0,No Failure
L,302.35,311.88,1577.1,47.71,193.3,5.65,0,No Failure
L,300.36,311.0,1634.6,40.01,189.9,5.28,0,No Failure
L,297.41,307.22,1657.0,24.56,139.5,3.68,0,No Failure
M,300.8,311.12,1199.1,44.93,187.4,2.91,0,No Failure
L,298.7,307.55,1404.8,48.34,46.0,4.15,0,No Failure
L,298.94,309.03,1384.3,33.99,12.0,6.32,0,No Failure
M,301.17,308.18,1555.5,51.66,209.7,5.88,0,No Failure
L,302.48,312.29,1622.1,23.33,18.1,3.17,0,No Failure
M,300.04,308.41,1799.9,25.05,59.2,3.1,0,No Failure
L,300.62,311.82,1451.4,41.37,166.9,6.03,0,No Failure
L,303.4,314.18,1450.9,40.25,98.3,3.14,0,No Failure
H,300.48,310.95,1739.2,32.83,210.3,5.11,0,No Failure
L,305.2,316.72,1589.9,48.1,71.5,3.76,0,No Failure
L,301.13,310.18,1759.8,45.31,2.8,6.44,0,No Failure
M,296.48,308.23,1588.5,48.58,72.2,3.58,0,No Failure
M,301.51,312.44,1335.5,38.77,138.7,5.87,0,No Failure
L,300.76,310.53,1304.7,46.03,90.2,4.72,0,No Failure
M,302.58,313.72,1266.5,35.54,128.4,4.8,0,No Failure
L,301.35,310.24,1653.9,60.54,210.4,2.14,1,Overstrain Failure
L,299.72,308.9,1746.0,31.87,219.0,1.86,0,No Failure
M,297.55,306.94,1861.6,61.05,63.8,4.24,1,Power Failure
M,299.58,309.05,1685.5,40.35,110.9,4.8,0,No Failure
M,298.3,307.24,1741.5,26.24,131.8,3.15,0,No Failure
M,298.84,310.06,1436.5,53.68,227.8,3.19,1,Overstrain Failure
H,301.18,310.92,1335.6,41.26,239.7,5.17,0,No Failure
M,303.34,313.69,1686.8,48.51,56.5,5.18,0,No Failure
L,300.79,310.22,1611.1,52.24,174.5,4.33,0,No Failure
M,297.61,305.79,1556.8,43.38,90.7,5.44,0,No Failure
L,300.89,311.16,1605.8,34.08,1.9,3.09,0,No Failure
L,302.39,310.48,1594.6,49.76,2.2,4.07,0,No Failure
L,298.78,308.71,1762.7,40.01,110.5,6.48,0,No Failure
L,299.73,308.36,1764.6,46.86,117.2,4.58,0,No Failure
H,300.03,312.02,1633.2,18.46,5.4,4.65,1,Power Failure
H,298.43,309.34,1686.0,44.47,164.9,7.27,0,No Failure
M,301.3,311.4,1628.0,33.61,70.6,2.82,0,No Failure
L,299.76,311.02,1457.3,56.53,134.4,5.46,0,No Failure
L,300.84,309.99,1670.4,46.23,72.2,6.5,0,No Failure
L,298.23,308.77,1294.0,42.4,40.1,4.11,0,No Failure
L,299.13,309.32,1722.4,44.86,97.7,5.53,0,No Failure
M,301.44,311.71,1329.0,30.02,55.7,3.32,0,No Failure
M,299.25,310.53,1588.0,56.23,128.4,3.68,1,Power Failure
M,303.45,314.19,1390.1,59.91,47.7,4.96,0,No Failure
L,299.2,309.49,1634.8,43.93,122.0,5.46,0,No Failure
H,300.45,308.79,1532.1,55.9,37.8,5.85,0,No Failure
M,301.87,310.91,1258.9,34.31,161.0,6.38,0,No Failure
M,297.16,307.04,1611.6,32.03,180.9,4.42,0,No Failure
M,296.48,306.57,1436.9,40.41,26.5,5.93,0,No Failure
L,296.95,305.82,1692.2,44.35,112.3,4.09,0,No Failure
L,302.53,314.94,1538.2,36.06,17.0,5.58,0,No Failure
L,298.9,310.41,1607.2,45.38,143.6,4.75,0,No Failure
M,305.12,315.72,1370.4,43.06,63.5,5.03,0,No Failure
L,298.87,308.94,1434.9,30.02,126.6,5.01,0,No Failure
L,300.37,310.16,1457.7,45.19,124.2,2.57,0,No Failure
L,303.08,312.13,1687.9,48.64,221.8,3.15,0,No Failure
L,304.01,314.09,1831.5,41.71,131.8,4.62,0,No Failure
H,304.12,314.38,1397.1,51.53,139.9,2.48,0,No Failure
M,302.42,311.17,1726.4,27.83,96.4,5.5,0,No Failure
L,302.05,312.38,1158.3,44.68,227.8,5.55,0,No Failure
L,301.19,311.03,1329.0,28.3,186.5,4.89,0,No Failure
L,301.56,309.65,1370.2,28.86,68.5,3.15,1,Heat Dissipation Failure
L,298.9,308.04,1301.3,33.69,202.6,6.16,0,No Failure
L,298.36,307.95,1260.9,30.58,103.8,6.94,0,No Failure
L,299.99,311.88,1610.3,34.52,198.9,4.68,0,No Failure
L,299.66,310.22,1500.5,37.86,197.5,5.11,0,No Failure
M,299.09,307.76,1604.4,48.37,45.3,4.74,0,No Failure
M,301.39,311.88,1658.8,36.79,168.3,5.14,0,No Failure
L,301.91,310.36,1584.5,24.14,69.8,4.36,0,No Failure
L,300.18,311.26,1653.1,51.4,71.4,4.46,0,No Failure
M,302.96,312.48,1525.8,31.63,71.1,5.59,0,No Failure
M,297.72,307.62,1330.3,39.41,174.1,7.31,0,No Failure
H,299.61,310.94,1723.1,44.47,55.2,2.82,0,No Failure
M,298.57,307.28,1434.9,42.0,0.2,4.38,0,No Failure
L,296.27,304.87,1374.3,50.94,171.7,3.08,0,No Failure
L,299.83,309.25,1506.9,44.79,41.1,6.41,0,No Failure
M,299.76,310.79,1378.3,31.39,25.1,3.79,0,No Failure
L,303.03,311.51,1464.9,61.79,57.0,2.77,1,Power Failure
M,301.26,308.43,1598.2,41.94,91.2,5.27,0,No Failure
H,297.95,307.5,1599.0,38.53,114.2,6.59,0,No Failure
M,303.71,314.26,1380.9,49.64,10.7,5.3,0,No Failure
L,302.44,313.64,1452.7,42.49,232.9,4.75,0,No Failure
M,301.16,310.7,1726.0,43.99,171.9,4.99,0,No Failure
L,299.55,309.14,1624.9,64.92,77.6,6.2,1,Power Failure
M,298.08,309.24,1901.1,37.25,76.5,3.45,0,No Failure
H,299.26,307.39,1744.5,36.82,107.7,4.37,0,No Failure
L,302.18,311.79,1738.3,41.17,150.3,3.96,0,No Failure
H,303.77,313.96,1295.1,50.72,35.1,3.1,0,No Failure
H,303.09,313.54,1671.7,24.93,45.3,4.11,0,No Failure
L,299.02,308.51,1528.7,20.34,206.3,5.83,0,No Failure
L,297.76,307.8,1441.6,34.13,61.5,5.18,0,No Failure
L,300.28,307.79,1567.4,23.66,91.2,5.27,0,No Failure
L,296.46,305.8,1703.4,35.75,209.1,4.68,0,No Failure
L,300.65,311.1,1625.6,45.02,159.2,5.13,0,No Failure
M,299.7,308.72,1384.3,31.09,82.0,3.54,0,No Failure
L,299.07,309.13,1667.9,25.73,164.1,4.13,0,No Failure
L,296.81,307.26,1426.4,40.69,4.7,4.73,0,No Failure
H,301.03,310.68,1575.9,48.63,176.6,4.83,0,No Failure
L,298.93,309.11,1484.9,23.05,116.9,4.88,0,No Failure
H,297.66,306.7,1499.7,48.2,195.2,4.33,0,No Failure
L,294.26,304.05,1672.1,48.17,229.1,4.05,1,Overstrain Failure
L,299.94,310.56,1356.0,49.54,222.2,8.29,1,Tool Wear Failure
M,303.54,313.7,1878.4,52.18,218.2,5.59,1,Overstrain Failure
M,303.32,312.74,1219.3,62.02,122.9,5.0,0,No Failure
H,299.09,309.31,1433.4,36.44,86.4,4.22,0,No Failure
M,298.8,309.51,1602.8,41.1,111.6,3.96,0,No Failure
H,300.94,308.89,1640.3,35.84,165.6,4.34,0,No Failure
L,298.0,309.16,1520.4,40.02,212.2,4.85,0,No Failure
L,300.6,310.27,1528.0,55.33,49.7,2.24,0,No Failure
M,301.53,311.96,1609.8,26.55,220.4,2.62,0,No Failure
H,302.45,313.65,1497.6,31.39,195.6,3.74,0,No Failure
H,299.8,308.43,1781.8,53.77,234.9,4.75,1,Overstrain Failure
L,299.59,308.88,1684.9,50.2,211.3,4.21,0,No Failure
L,298.24,307.96,1690.7,36.37,67.2,6.27,0,No Failure
M,298.35,307.56,1368.9,48.54,25.4,2.72,0,No Failure
L,299.55,311.28,1524.1,43.41,26.9,3.6,0,No Failure
H,300.73,309.88,1485.4,55.0,69.9,6.32,0,No Failure
H,301.83,311.27,1362.0,40.75,147.4,4.66,0,No Failure
L,298.39,308.6,1601.0,50.26,193.0,5.56,0,No Failure
M,302.99,311.78,1443.9,66.42,215.8,6.96,1,Tool Wear Failure
M,299.46,309.06,1652.7,45.98,149.7,3.67,0,No Failure
L,299.96,310.27,1350.7,40.49,1.4,4.38,0,No Failure
H,298.51,308.17,1838.8,47.22,44.7,4.17,0,No Failure
M,295.15,305.06,1381.1,36.35,23.9,2.15,0,No Failure
H,301.77,311.24,1576.4,63.88,87.2,4.13,1,Power Failure
L,301.47,309.96,1676.6,41.8,120.3,5.56,0,No Failure
H,299.44,309.76,1438.1,37.27,10.4,5.15,0,No Failure
L,300.13,311.89,1687.2,31.64,83.6,5.24,0,No Failure
L,301.03,311.05,1322.9,50.97,43.0,4.05,0,No Failure
H,296.87,307.1,1792.1,48.67,155.3,3.71,0,No Failure
L,298.94,309.63,1540.5,35.03,111.4,6.02,0,No Failure
L,301.59,310.32,1433.6,45.76,118.9,3.9,0,No Failure
H,297.49,309.19,1485.6,24.91,102.6,4.85,0,No Failure
H,300.59,310.79,1679.6,41.85,229.4,4.7,0,No Failure
M,297.29,308.92,1435.7,44.53,51.5,6.25,0,No Failure
M,300.93,310.2,1406.9,57.07,124.0,5.67,0,No Failure
L,299.93,311.75,1499.2,32.29,176.6,2.95,0,No Failure
L,296.77,307.54,1332.0,27.22,133.6,3.07,0,No Failure
L,302.33,312.88,1856.6,31.05,223.0,5.19,0,No Failure
M,298.53,308.76,1438.9,26.63,90.7,4.42,0,No Failure
M,298.38,308.13,1683.5,53.37,111.3,3.95,1,Power Failure
M,300.4,311.6,1574.7,55.49,21.2,5.72,0,No Failure
M,302.3,312.44,1365.7,43.2,146.2,4.72,0,No Failure
L,297.97,306.0,1537.0,52.21,69.2,4.56,0,No Failure
L,300.12,309.01,1675.2,41.34,38.5,5.44,0,No Failure
L,300.86,310.67,1505.1,39.05,130.7,4.05,0,No Failure
M,301.39,311.7,1746.8,36.67,127.8,6.38,0,No Failure
L,300.35,310.3,1716.8,36.9,18.2,3.55,0,No Failure
H,299.27,310.48,1698.8,24.52,167.6,5.29,0,No Failure
L,298.34,306.39,1457.6,42.64,149.7,6.22,0,No Failure
L,300.17,310.32,1349.0,39.6,45.4,2.85,0,No Failure
L,297.86,306.04,1430.6,47.45,112.7,4.09,0,No Failure
M,294.16,304.92,1572.3,40.94,172.9,5.87,0,No Failure
M,300.87,310.78,1633.5,38.37,127.1,5.89,0,No Failure
L,301.81,312.23,1158.0,31.29,94.9,4.29,0,No Failure
L,295.27,304.41,1536.6,40.72,77.4,3.62,0,No Failure
M,297.98,309.26,1565.7,47.38,146.5,5.65,0,No Failure
L,301.24,312.28,1489.4,28.57,225.4,5.92,0,No Failure
H,304.11,314.7,1764.0,40.87,161.2,3.1,0,No Failure
M,300.04,309.91,1611.8,42.33,17.9,3.06,0,No Failure
L,298.54,309.12,1767.3,32.82,110.6,4.77,0,No Failure
L,299.63,308.93,1500.2,34.12,213.8,5.26,0,No Failure
H,302.75,313.61,1702.1,42.31,22.7,4.14,0,No Failure
L,298.71,310.36,1824.1,28.67,237.3,5.32,0,No Failure
L,298.4,309.47,1767.5,43.5,227.8,3.65,0,No Failure
H,299.03,308.3,1346.9,31.05,18.8,1.96,0,No Failure
H,298.09,308.45,1493.6,50.63,224.0,3.99,1,Overstrain Failure
H,300.25,308.95,1477.6,63.38,87.2,4.58,1,Power Failure
M,303.25,313.82,1623.6,31.39,202.7,4.17,0,No Failure
L,300.65,311.1,1658.1,45.34,100.4,3.11,0,No Failure
L,299.5,307.63,1391.2,32.73,105.8,2.32,0,No Failure
M,299.42,308.25,1549.9,50.41,152.2,3.88,0,No Failure
M,296.87,306.59,1184.5,27.35,185.9,5.58,0,No Failure
L,301.77,311.47,1790.3,44.81,8.1,6.01,0,No Failure
H,299.84,308.63,1448.3,31.27,142.4,5.93,0,No Failure
L,299.64,310.03,1547.8,37.93,44.8,3.52,0,No Failure
L,306.39,316.64,1483.8,29.69,83.0,3.12,0,No Failure
L,300.6,310.4,1738.6,48.22,83.5,5.1,0,No Failure
L,298.5,307.74,1041.4,31.63,112.6,5.26,0,No Failure
L,299.15,310.2,1535.1,45.52,80.2,4.98,0,No Failure
L,302.3,313.95,1519.5,36.56,25.8,2.08,0,No Failure
L,300.23,309.74,1458.6,38.86,35.0,3.46,0,No Failure
M,297.12,306.51,1840.1,41.48,8.0,4.46,0,No Failure
M,301.84,312.33,1382.7,32.38,112.9,5.08,0,No Failure
M,298.66,308.31,1673.1,42.1,229.1,5.42,0,No Failure
H,303.75,313.61,1600.3,55.3,27.8,4.67,1,Power Failure
L,302.16,312.9,1758.8,32.22,227.1,4.9,0,No Failure
L,299.11,307.2,1421.2,51.72,176.0,4.6,0,No Failure
H,302.56,313.88,1409.7,54.98,153.0,5.32,0,No Failure
L,300.14,310.21,1729.8,31.84,154.9,4.88,0,No Failure
H,301.71,311.29,1612.4,25.45,198.4,4.58,0,No Failure
L,300.97,310.88,1267.6,43.02,25.7,4.18,0,No Failure
H,298.31,308.27,1443.6,34.53,121.1,4.6,0,No Failure
L,298.71,306.98,1605.6,58.69,167.3,5.08,1,Power Failure
H,302.06,313.55,1684.6,40.35,140.8,4.82,0,No Failure
M,299.33,309.37,1419.1,31.98,199.9,4.96,0,No Failure
H,299.19,309.64,1028.0,28.53,17.3,6.11,1,Power Failure
L,298.09,309.04,1629.6,50.9,165.8,4.82,0,No Failure
M,300.85,309.83,1324.4,34.29,128.2,3.72,0,No Failure
H,304.13,314.6,1185.0,40.44,91.0,5.56,0,No Failure
M,297.86,307.6,1042.3,49.56,81.7,2.86,0,No Failure
M,300.05,310.9,1680.4,35.16,149.0,3.2,0,No Failure
M,302.82,310.7,1560.5,39.54,213.8,4.9,0,No Failure
L,299.84,309.74,1498.5,39.83,119.1,5.12,0,No Failure
M,300.9,310.3,1781.1,46.83,197.9,3.01,0,No Failure
M,297.88,308.31,1649.5,45.91,96.5,4.04,0,No Failure
H,300.86,311.33,1820.9,37.8,24.6,3.77,0,No Failure
L,299.63,308.92,1294.3,40.64,14.8,3.92,0,No Failure
L,301.97,311.26,1532.0,36.28,12.3,5.63,0,No Failure
H,302.37,312.26,1255.1,25.22,91.2,5.35,0,No Failure
H,305.18,314.28,1497.9,42.58,80.9,4.48,0,No Failure
L,301.16,312.0,1494.5,58.92,172.3,3.84,1,Power Failure
M,300.65,310.28,1647.7,31.16,178.3,2.88,0,No Failure
L,300.39,307.48,1546.0,32.27,12.2,6.2,0,No Failure
L,299.29,308.92,1647.1,31.29,53.1,5.21,0,No Failure
L,300.68,309.64,1661.1,47.25,65.8,3.65,0,No Failure
L,299.41,307.78,1915.1,44.48,131.4,5.36,0,No Failure
M,300.34,309.1,1482.8,38.41,34.7,4.42,0,No Failure
L,302.64,312.74,1373.3,30.82,32.1,4.16,0,No Failure
H,297.99,309.32,1581.1,40.92,226.5,5.02,0,No Failure
H,302.28,312.59,1397.6,24.35,193.0,3.61,0,No Failure
M,302.63,312.03,1797.3,41.43,43.4,4.09,0,No Failure
M,299.76,310.22,1488.4,48.72,97.6,4.65,0,No Failure
L,295.76,305.3,1439.0,27.49,85.3,3.9,0,No Failure
H,298.78,308.09,1455.5,24.67,189.8,5.3,0,No Failure
M,302.59,311.44,1663.7,55.79,122.5,6.74,1,Power Failure
L,299.95,308.2,1510.4,33.88,30.7,3.59,0,No Failure
H,298.0,307.61,1425.7,51.36,177.4,2.5,0,No Failure
H,298.99,309.15,1829.4,38.46,95.3,2.1,0,No Failure
H,301.68,311.58,1388.2,38.38,63.1,4.32,0,No Failure
M,301.09,310.68,1544.2,44.38,90.1,3.7,0,No Failure
M,299.52,308.58,1652.2,31.16,119.5,4.75,0,No Failure
L,299.27,309.87,1252.5,41.32,82.3,4.66,0,No Failure
H,299.22,307.9,1622.0,36.19,58.1,2.58,0,No Failure
H,298.16,308.93,1353.4,26.8,95.6,2.32,0,No Failure
L,303.23,312.23,1682.0,43.37,4.6,4.86,0,No Failure
L,299.36,308.6,1369.5,37.37,185.4,4.66,0,No Failure
L,302.43,310.97,1659.2,38.43,41.0,3.99,0,No Failure
H,303.04,312.54,1731.5,27.9,10.5,2.51,0,No Failure
H,302.0,312.97,1688.8,55.91,156.9,5.07,1,Power Failure
L,299.14,309.65,1582.0,48.77,185.7,6.03,0,No Failure
M,300.81,311.79,1497.5,49.64,195.3,4.83,0,No Failure
L,299.95,310.47,1437.1,36.95,118.4,3.48,0,No Failure
H,298.19,307.09,1795.4,22.71,49.3,4.55,0,No Failure
H,300.65,310.32,1415.6,59.53,176.9,2.86,0,No Failure
H,297.64,306.86,1356.5,39.39,167.9,5.77,0,No Failure
L,302.38,313.71,1654.4,32.51,59.1,4.6,0,No Failure
L,299.07,307.87,1398.7,44.17,216.8,2.38,0,No Failure
L,300.4,311.3,1371.7,51.67,25.0,4.14,0,No Failure
L,300.57,311.46,1285.4,39.77,235.8,5.06,0,No Failure
H,299.48,311.31,1453.5,52.79,206.5,4.1,0,No Failure
H,301.17,310.76,1523.5,50.83,165.1,4.17,0,No Failure
H,299.05,309.76,1580.5,29.24,225.3,3.03,0,No Failure
H,301.74,314.02,1704.5,33.26,173.4,5.18,0,No Failure
M,297.31,306.69,1630.2,49.58,45.7,3.72,0,No Failure
M,300.25,308.72,1504.6,12.87,106.1,1.91,1,Power Failure
H,303.88,312.0,1503.3,38.51,17.2,4.05,0,No Failure
H,298.0,308.71,1627.3,25.69,93.5,5.68,0,No Failure
L,298.64,306.76,1760.7,35.23,178.0,4.04,0,No Failure
L,301.03,310.66,1560.1,37.01,92.7,6.59,0,No Failure
L,300.36,310.8,1455.9,36.42,79.3,5.01,0,No Failure
H,300.7,310.89,1364.2,34.48,142.9,4.91,0,No Failure
M,300.98,311.4,1285.1,29.03,209.3,4.35,0,No Failure
L,301.27,311.49,1654.6,62.92,11.4,4.42,1,Power Failure
M,302.22,313.5,1639.1,58.67,92.5,4.18,1,Power Failure
M,300.82,309.87,1639.0,28.38,38.0,4.14,0,No Failure
L,299.52,308.84,1515.5,55.82,166.9,5.14,0,No Failure
L,301.35,310.57,1784.2,36.01,25.4,3.38,0,No Failure
M,303.8,314.63,1453.3,41.29,159.6,3.21,0,No Failure
M,299.73,310.64,1705.2,39.37,68.7,3.15,0,No Failure
M,298.05,308.5,1531.2,33.4,47.7,6.95,0,No Failure
M,302.21,313.4,1431.5,49.84,224.7,5.14,1,Overstrain Failure
H,299.76,308.58,1641.7,41.26,4.4,4.87,0,No Failure
M,295.65,307.32,1609.7,35.23,105.1,3.23,0,No Failure
M,301.69,313.22,1600.5,26.95,5.2,5.25,0,No Failure
H,298.93,309.66,1552.2,31.06,116.1,4.36,0,No Failure
L,299.82,311.6,1531.4,23.59,120.3,4.76,0,No Failure
L,300.66,309.01,1956.0,40.12,77.2,3.33,0,No Failure
L,300.38,309.86,1745.2,28.03,31.7,4.69,0,No Failure
M,301.42,310.68,1664.5,37.34,90.3,3.99,0,No Failure
M,299.13,309.85,1557.6,53.7,161.3,3.58,0,No Failure
M,301.03,309.98,1714.3,51.99,187.8,5.38,1,Power Failure
L,299.48,310.24,1628.6,39.68,127.4,2.65,0,No Failure
L,301.48,312.85,1542.6,39.13,141.6,5.18,0,No Failure
L,301.23,311.93,1484.9,58.8,48.1,5.32,0,No Failure
L,298.13,308.41,1523.8,45.21,69.0,3.44,0,No Failure
M,302.17,311.18,983.2,36.72,38.9,3.52,0,No Failure
L,298.93,308.08,1574.9,25.74,59.8,4.23,0,No Failure
L,301.62,312.87,1452.5,43.94,54.0,4.84,0,No Failure
H,300.73,311.51,1816.7,48.29,124.7,4.32,0,No Failure
L,303.68,313.64,1541.4,33.68,135.0,5.02,0,No Failure
M,299.55,309.14,1329.9,42.91,226.8,6.62,1,Tool Wear Failure
M,299.3,307.28,1529.3,36.36,46.9,3.89,0,No Failure
L,299.96,308.89,1354.9,38.16,154.0,2.44,0,No Failure
M,299.39,311.31,1620.8,15.12,196.1,5.49,1,Power Failure
H,301.6,310.32,1588.9,37.78,134.5,6.52,0,No Failure
H,296.77,306.96,1705.6,49.69,61.2,4.97,0,No Failure
L,297.89,308.9,1399.6,33.69,63.0,3.19,0,No Failure
H,297.86,306.61,1544.0,40.53,9.4,4.35,0,No Failure
L,301.9,312.09,1299.1,32.44,73.3,3.16,0,No Failure
L,303.42,314.36,1660.8,43.6,178.7,5.27,0,No Failure
L,299.79,309.8,1628.8,37.83,11.4,2.88,0,No Failure
H,299.66,312.53,1624.8,30.61,52.6,4.14,0,No Failure
L,300.14,308.47,1538.3,53.33,169.5,3.29,0,No Failure
L,302.32,313.38,1610.6,49.29,187.8,4.65,0,No Failure
M,298.15,307.97,1818.8,33.95,109.3,4.06,0,No Failure
L,300.48,311.25,1488.1,44.98,167.5,4.71,0,No Failure
L,301.95,312.39,1562.3,45.37,93.1,4.53,0,No Failure
L,301.0,310.27,1347.9,46.42,38.4,3.32,0,No Failure
L,300.38,310.61,1386.1,23.06,95.6,5.25,0,No Failure
L,302.0,310.14,1555.1,50.07,139.2,4.44,0,No Failure
L,294.59,305.2,1731.2,34.3,227.5,3.31,0,No Failure
M,301.36,311.65,1493.2,36.42,16.5,7.19,0,No Failure
L,298.69,309.33,1496.7,66.38,121.8,5.07,1,Power Failure
L,296.34,307.4,1466.8,43.02,78.9,4.32,0,No Failure
H,301.02,311.39,1444.4,36.14,122.0,6.2,0,No Failure
L,302.75,312.9,1589.6,17.95,5.8,6.71,1,Power Failure
M,299.73,308.84,1276.0,53.9,75.1,4.33,0,No Failure
L,301.91,311.19,1762.2,26.55,196.8,4.92,0,No Failure
L,303.22,314.41,1421.6,29.97,132.9,3.31,0,No Failure
L,302.63,314.07,1664.3,36.69,108.1,4.32,0,No Failure
L,303.28,313.04,1315.8,54.16,68.5,4.26,0,No Failure
L,301.48,311.53,1655.0,47.73,71.5,4.72,0,No Failure
L,300.15,309.25,1655.6,38.42,91.9,4.9,0,No Failure
L,296.8,307.97,1605.2,43.08,200.5,5.17,0,No Failure
L,299.51,310.17,1364.0,34.0,232.1,4.79,0,No Failure
L,298.31,310.25,1581.7,41.4,105.3,3.05,0,No Failure
L,304.34,313.46,1331.0,40.73,94.4,3.37,0,No Failure
L,299.65,309.27,1493.8,49.69,203.2,3.84,0,No Failure
M,300.25,310.48,1718.1,49.67,102.5,4.16,0,No Failure
M,301.1,311.75,1677.4,44.94,132.5,5.76,0,No Failure
L,300.09,309.87,1540.7,36.38,55.4,3.1,0,No Failure
M,303.39,312.52,1367.4,47.42,178.4,4.07,0,No Failure
M,298.75,309.64,1651.0,39.08,127.7,5.64,0,No Failure
L,300.39,311.11,1541.4,29.18,194.2,4.14,0,No Failure
H,298.52,307.6,1131.9,35.97,187.4,5.05,0,No Failure
H,297.36,308.72,1675.0,40.85,51.6,4.33,0,No Failure
L,298.78,309.95,1533.8,49.1,171.8,4.81,0,No Failure
L,299.93,310.06,1748.4,38.16,192.0,4.23,0,No Failure
H,299.14,309.22,1346.3,27.91,83.1,5.3,0,No Failure
M,298.62,309.17,982.1,40.57,41.4,2.65,0,No Failure
L,297.19,306.33,1586.8,41.13,0.6,4.06,0,No Failure
L,299.83,309.86,1589.0,41.86,108.2,4.86,0,No Failure
L,296.99,304.84,1242.1,49.2,84.6,5.14,1,Heat Dissipation Failure
L,301.52,312.4,1366.8,50.19,133.2,6.29,0,No Failure
M,300.16,308.6,2020.2,34.06,45.1,4.03,0,No Failure
L,297.08,308.59,1484.5,33.84,206.3,6.28,0,No Failure
L,299.38,309.05,1665.9,29.6,61.9,3.71,0,No Failure
M,298.5,308.28,1424.1,46.99,54.3,6.09,0,No Failure
L,300.64,310.01,1172.2,54.49,115.4,5.48,0,No Failure
L,302.68,312.39,1508.2,36.85,119.7,3.4,0,No Failure
M,296.25,307.67,1491.5,37.59,51.6,4.87,0,No Failure
H,300.23,307.74,1468.0,54.67,65.2,4.44,0,No Failure
M,299.68,310.96,1517.9,45.06,40.7,5.25,0,No Failure
M,301.34,311.68,1584.2,44.36,172.4,4.23,0,No Failure
L,300.43,309.22,1511.7,28.09,184.8,4.13,0,No Failure
L,298.5,307.42,1316.8,46.79,111.0,6.14,0,No Failure
M,299.36,311.04,1623.1,30.71,171.4,4.38,0,No Failure
L,298.41,307.46,1196.9,28.66,176.6,5.49,0,No Failure
L,302.15,311.0,1179.2,36.53,33.2,4.23,0,No Failure
L,300.04,311.18,1667.4,34.14,231.9,6.5,1,Tool Wear Failure
L,303.8,314.14,1626.7,37.78,197.0,3.69,0,No Failure
L,299.88,308.94,1528.0,25.59,49.1,3.76,0,No Failure
L,298.58,308.8,1293.8,49.59,44.7,6.33,0,No Failure
L,296.97,305.95,1414.1,51.28,30.2,3.97,0,No Failure
L,296.39,307.49,1492.0,20.53,33.2,6.42,0,No Failure
H,296.83,307.89,1258.7,49.78,179.6,5.57,0,No Failure
M,300.53,311.07,1408.7,31.89,112.7,4.31,0,No Failure
M,301.02,311.38,1652.2,48.57,187.9,2.32,0,No Failure
M,296.84,308.6,1787.8,39.32,179.1,4.48,0,No Failure
L,301.79,311.79,1464.6,40.29,145.1,4.62,0,No Failure
L,299.03,307.85,1670.4,38.15,164.7,5.9,0,No Failure
M,300.29,310.74,1203.0,52.12,4.4,6.41,0,No Failure
M,303.22,315.31,1653.4,27.6,74.8,3.68,0,No Failure
M,301.79,310.78,1397.3,46.08,153.1,5.46,0,No Failure
L,299.46,309.1,1591.8,51.01,2.2,5.42,0,No Failure
L,298.22,308.63,1494.6,47.16,7.9,5.79,0,No Failure
L,295.7,305.64,1769.1,63.25,204.5,5.1,1,Overstrain Failure
L,298.56,307.58,1385.0,34.71,164.2,2.17,0,No Failure
M,299.58,310.7,1647.8,49.57,63.7,4.31,0,No Failure
M,298.03,310.35,1489.1,38.94,165.1,3.11,0,No Failure
L,299.74,309.93,1510.3,52.33,190.2,4.26,0,No Failure
H,300.15,309.25,1505.8,39.92,73.6,5.68,0,No Failure
M,299.55,308.0,1390.0,36.12,8.6,4.87,0,No Failure
L,298.7,308.96,1535.5,53.06,223.9,5.88,1,Overstrain Failure
L,300.34,311.44,1527.0,35.08,82.8,4.91,0,No Failure
L,300.88,311.36,1580.2,25.87,25.6,2.94,0,No Failure
L,297.82,307.82,1552.8,34.83,118.0,1.47,0,No Failure
L,302.82,312.23,1677.6,46.19,184.4,4.68,0,No Failure
L,299.8,308.71,1699.6,53.92,53.2,4.24,1,Power Failure
L,300.04,310.87,1354.1,41.11,64.7,3.33,0,No Failure
L,301.42,312.33,1690.0,53.18,58.3,2.46,1,Power Failure
H,300.47,308.92,1330.4,26.42,238.0,3.62,1,Heat Dissipation Failure
L,301.91,313.5,1640.9,35.57,47.4,4.27,0,No Failure
M,300.57,311.15,1646.5,37.11,138.1,5.3,0,No Failure
L,298.78,310.17,1203.5,38.85,222.1,4.73,0,No Failure
H,300.72,309.38,1554.3,40.84,35.3,6.43,0,No Failure
L,297.71,306.35,1456.0,46.91,233.0,3.26,0,No Failure
L,300.22,310.07,1405.2,35.55,227.4,5.56,0,No Failure
H,299.93,310.44,1774.4,41.39,212.3,4.56,0,No Failure
H,299.58,311.38,1423.6,39.55,51.5,5.33,0,No Failure
H,299.74,310.45,1396.9,30.74,152.2,3.98,0,No Failure
L,296.24,305.99,1551.2,38.86,182.6,5.79,0,No Failure
L,298.9,307.88,1658.0,38.56,236.6,4.85,0,No Failure
M,300.19,311.42,1513.2,38.35,43.3,3.68,0,No Failure
H,300.32,309.36,1742.1,40.32,183.8,4.49,0,No Failure
M,297.94,309.57,1630.9,40.76,81.3,4.21,0,No Failure
M,302.53,312.25,1156.8,35.68,42.2,5.09,0,No Failure
L,298.27,309.86,1445.3,52.73,101.1,3.08,0,No Failure
M,301.94,312.62,1439.7,28.31,190.5,4.46,0,No Failure
L,300.85,310.72,1621.9,32.79,111.6,4.97,0,No Failure
L,298.71,308.19,1078.7,67.8,129.0,4.54,0,No Failure
L,303.55,313.21,1984.1,29.62,238.8,6.12,1,Tool Wear Failure
M,297.61,308.04,1630.9,26.46,95.8,5.43,0,No Failure
L,301.84,311.92,1564.1,47.34,147.7,4.49,0,No Failure
L,302.0,311.41,1744.8,19.23,87.7,4.76,0,No Failure
M,298.66,308.49,1948.1,37.65,94.3,4.85,0,No Failure
L,302.78,312.86,1690.4,61.46,167.0,4.98,1,Power Failure
M,299.5,307.37,1704.0,24.55,225.1,2.31,0,No Failure
L,300.58,311.04,1560.9,20.18,130.2,4.14,0,No Failure
L,300.52,309.54,1513.2,25.01,184.4,2.72,0,No Failure
M,299.73,308.58,1454.7,48.98,21.4,6.03,0,No Failure
L,301.62,309.93,1393.4,51.25,50.7,4.43,0,No Failure
L,301.59,309.79,1417.8,34.87,120.5,4.27,0,No Failure
L,296.5,305.15,1301.7,46.83,4.8,5.58,0,No Failure
L,302.61,311.9,1524.7,53.9,60.7,5.01,0,No Failure
H,296.68,308.63,1243.2,57.87,124.2,3.15,0,No Failure
L,302.07,311.54,1571.4,37.54,3.6,4.41,0,No Failure
H,302.25,312.43,1531.6,16.99,63.5,4.1,1,Power Failure
L,297.82,308.22,1563.7,31.79,123.4,2.41,0,No Failure
M,299.18,309.31,1446.6,35.73,137.6,3.67,0,No Failure
M,297.79,307.71,2076.5,37.41,222.2,4.28,0,No Failure
M,299.57,308.37,1776.0,38.12,154.9,4.36,0,No Failure
L,299.38,310.83,1320.2,51.19,99.5,2.72,0,No Failure
L,301.56,313.37,1578.8,52.74,223.3,5.88,1,Overstrain Failure
L,302.62,310.94,1431.6,38.28,188.4,4.38,0,No Failure
H,302.79,311.77,1360.5,50.98,48.0,4.55,0,No Failure
H,298.88,308.6,1303.5,43.58,31.4,4.98,0,No Failure
H,299.58,308.62,1613.6,40.65,162.2,3.55,0,No Failure
L,296.63,307.14,1418.8,49.07,134.4,5.05,0,No Failure
M,298.39,307.66,1707.4,40.72,189.5,4.06,0,No Failure
H,301.93,314.09,1711.9,60.58,177.3,3.42,1,Power Failure
L,303.23,314.42,1778.4,25.62,150.1,5.19,0,No Failure
L,297.53,307.74,1388.8,34.85,236.7,6.29,1,Tool Wear Failure
M,298.82,309.84,1621.2,38.73,128.1,5.37,0,No Failure
M,299.95,311.05,1648.7,44.39,27.1,5.61,0,No Failure
H,300.56,310.0,1455.0,52.68,198.8,3.88,0,No Failure
L,298.38,307.56,1402.9,39.76,60.4,2.58,0,No Failure
M,300.85,310.93,1819.7,25.78,186.6,6.29,0,No Failure
L,299.05,309.91,1577.8,48.43,229.7,6.97,1,Tool Wear Failure
L,299.97,310.11,1649.3,47.55,167.2,6.35,0,No Failure
L,301.09,309.52,1394.1,20.58,143.0,4.1,1,Power Failure
H,300.01,309.21,1324.6,39.96,110.5,3.11,0,No Failure
M,299.13,309.05,1438.3,24.1,87.5,3.22,0,No Failure
M,299.78,309.71,1516.3,33.35,84.7,2.48,0,No Failure
L,299.82,311.8,1351.8,30.97,152.7,4.37,0,No Failure
H,299.26,307.87,1536.3,48.09,180.3,6.43,0,No Failure
L,299.48,309.99,1242.5,41.17,162.8,4.33,0,No Failure
H,303.2,314.69,1342.0,27.14,47.6,4.86,0,No Failure
L,301.12,313.39,1655.4,48.8,118.6,6.15,0,No Failure
L,299.41,309.0,1643.7,25.66,190.0,4.02,0,No Failure
L,301.39,311.89,1469.4,43.3,114.2,6.94,0,No Failure
L,299.33,309.9,1359.9,31.86,128.8,6.89,0,No Failure
M,302.35,312.54,1358.2,36.34,185.1,4.34,0,No Failure
M,300.74,310.64,1472.7,45.04,158.7,3.81,0,No Failure
L,299.79,310.22,1650.8,45.21,98.2,5.34,0,No Failure
H,300.9,308.36,1700.4,53.37,214.9,4.08,1,Overstrain Failure
L,296.86,307.54,1451.1,39.18,39.0,3.11,0,No Failure
M,297.75,307.87,1336.1,43.06,238.9,6.04,1,Tool Wear Failure
H,297.61,307.39,1584.9,35.62,28.5,5.96,0,No Failure
M,300.29,312.33,1393.9,41.82,3.6,4.69,0,No Failure
L,303.47,312.79,1447.3,44.39,213.6,2.98,0,No Failure
H,304.46,314.06,1769.9,39.02,58.8,3.02,0,No Failure
M,301.28,313.27,1682.7,21.96,175.1,4.63,0,No Failure
L,301.0,310.17,1565.6,43.31,194.6,3.9,0,No Failure
L,296.4,305.85,1315.4,43.65,206.2,4.09,0,No Failure
M,298.91,308.77,1575.0,33.2,238.0,5.73,0,No Failure
M,298.42,309.27,1724.0,27.16,70.6,5.38,0,No Failure
M,298.76,308.97,1472.3,54.76,170.5,6.15,0,No Failure
H,299.66,308.37,1774.4,44.91,27.7,3.31,0,No Failure
M,299.06,308.52,1764.2,37.71,97.6,4.09,0,No Failure
L,296.04,305.43,1829.2,28.63,203.5,5.41,0,No Failure
L,301.5,311.42,1591.4,31.78,88.2,5.04,0,No Failure
L,297.85,308.28,1640.8,53.03,141.9,6.34,0,No Failure
M,300.48,310.9,1785.5,41.38,120.9,5.0,0,No Failure
L,304.15,312.37,1616.3,34.49,155.0,6.72,0,No Failure
M,298.16,309.23,1450.3,45.1,233.5,5.15,0,No Failure
M,294.94,305.19,1459.5,31.86,13.4,5.77,0,No Failure
H,299.43,310.81,1579.7,55.01,137.8,4.11,0,No Failure
L,302.2,312.65,1312.2,53.53,207.1,4.52,1,Overstrain Failure
H,303.92,315.02,1512.9,35.33,115.5,5.59,0,No Failure
L,297.54,308.01,1729.9,33.71,18.8,6.44,0,No Failure
H,300.99,312.34,1154.5,13.82,134.5,5.38,1,Power Failure
L,299.07,309.59,1806.5,25.18,79.7,4.4,0,No Failure
L,299.79,309.69,1734.4,26.61,37.2,6.15,0,No Failure
M,305.29,317.56,1457.5,41.35,203.8,1.87,0,No Failure
L,296.99,307.88,1633.1,36.74,125.2,2.79,0,No Failure
L,300.51,311.08,1538.6,26.55,224.0,5.32,0,No Failure
M,300.94,309.66,1753.2,37.19,193.4,4.52,0,No Failure
M,302.17,310.88,1710.0,45.05,166.3,5.23,0,No Failure
M,300.2,310.49,1293.0,45.28,1.2,4.58,0,No Failure
M,300.62,310.76,1640.8,21.0,102.7,5.19,0,No Failure
M,299.22,308.6,1502.0,38.72,47.4,3.52,0,No Failure
L,300.54,310.68,1552.5,26.17,218.6,5.18,0,No Failure
L,299.31,310.9,1410.6,49.02,41.9,5.69,0,No Failure
L,301.24,311.94,1843.9,47.84,68.7,5.96,1,Power Failure
H,299.26,308.12,1720.0,31.02,124.0,6.92,0,No Failure
M,300.75,310.64,1408.5,32.34,63.2,4.79,0,No Failure
L,299.94,309.14,1304.4,35.39,50.4,4.83,0,No Failure
L,302.25,311.86,1470.5,17.47,143.8,2.67,1,Power Failure
H,299.9,309.48,1614.0,43.36,21.3,3.86,0,No Failure
L,296.45,305.98,1580.0,37.27,14.0,4.27,0,No Failure
M,302.52,311.27,1757.3,49.7,89.3,5.76,0,No Failure
M,298.19,308.06,1676.2,29.02,173.0,3.77,0,No Failure
M,298.69,308.13,1707.7,33.81,133.2,5.46,0,No Failure
L,298.81,305.88,1595.2,24.93,101.5,4.5,0,No Failure
H,302.75,314.8,1294.9,29.96,135.8,4.29,0,No Failure
H,295.73,306.82,1503.8,28.18,87.7,4.8,0,No Failure
M,306.28,315.9,1723.5,49.96,224.7,4.03,1,Overstrain Failure
M,302.11,312.13,1529.0,33.02,13.2,3.99,0,No Failure
H,300.45,309.27,1626.0,41.24,161.6,2.45,0,No Failure
M,299.89,311.59,1482.2,36.19,213.9,4.2,0,No Failure
L,300.57,312.47,1357.8,27.31,192.9,3.92,0,No Failure
M,301.04,311.2,1516.4,38.32,44.2,3.88,0,No Failure
M,301.29,312.31,1592.1,45.99,71.0,5.0,0,No Failure
L,301.11,311.29,1423.3,27.92,172.1,5.29,0,No Failure
M,300.18,308.84,1496.8,48.09,20.2,4.78,0,No Failure
H,299.61,309.19,1373.6,31.5,194.8,5.69,0,No Failure
H,299.7,309.83,1733.9,35.17,172.5,5.19,0,No Failure
L,299.61,309.16,1486.5,45.31,175.1,4.15,0,No Failure
L,302.27,312.05,1792.2,33.37,24.1,3.94,0,No Failure
H,301.19,311.1,1805.5,40.38,172.3,4.88,0,No Failure
H,294.12,304.04,1523.8,36.85,163.2,5.19,0,No Failure
L,301.31,311.36,1361.5,41.29,199.4,6.18,0,No Failure
H,300.39,309.33,1173.0,16.19,10.0,5.93,1,Power Failure
H,299.96,309.25,1280.4,21.7,5.5,3.85,1,Power Failure
M,299.22,307.94,1297.6,46.16,89.5,4.38,0,No Failure
M,302.25,313.23,1779.2,50.37,35.7,5.31,1,Power Failure
L,301.9,309.79,1558.3,30.9,134.0,5.78,0,No Failure
L,298.45,309.61,1606.2,37.56,220.2,5.63,0,No Failure
L,300.81,312.2,1149.4,42.95,94.0,4.42,0,No Failure
H,298.06,307.75,1328.4,46.93,202.8,3.0,0,No Failure
L,297.24,304.64,1693.2,19.72,0.1,3.3,0,No Failure
L,298.75,308.39,1588.2,31.14,40.4,4.83,0,No Failure
L,301.72,311.66,1512.2,36.67,7.3,4.91,0,No Failure
M,301.91,310.9,1636.8,47.03,78.8,3.18,0,No Failure
H,301.03,310.51,1824.3,64.98,218.0,4.55,1,Overstrain Failure
L,301.45,312.98,1499.3,37.72,23.3,5.26,0,No Failure
L,301.03,311.7,1550.1,25.93,145.5,3.12,0,No Failure
M,298.72,307.79,1571.7,44.02,108.4,5.83,0,No Failure
L,300.86,309.27,1956.6,53.21,225.2,4.05,1,Overstrain Failure
L,301.6,311.27,1170.6,41.08,29.4,6.01,0,No Failure
L,301.51,311.3,1657.6,30.93,50.9,3.86,0,No Failure
L,302.38,312.87,1517.9,49.58,7.1,3.27,0,No Failure
L,301.42,310.88,1637.2,46.64,104.1,3.95,0,No Failure
L,300.7,311.21,1423.0,29.74,66.7,4.39,0,No Failure
L,302.14,314.08,1529.4,43.81,208.8,4.03,0,No Failure
H,299.95,310.76,1662.5,49.97,145.2,4.24,0,No Failure
L,298.24,308.19,2082.8,51.82,147.4,4.9,1,Power Failure
M,299.67,309.49,1679.4,39.34,127.7,4.29,0,No Failure
M,298.51,308.15,1389.6,36.42,22.0,4.42,0,No Failure
L,298.65,309.83,1463.8,52.27,106.8,2.45,0,No Failure
M,299.71,309.08,1458.7,27.9,239.9,4.97,0,No Failure
L,298.42,308.46,1223.8,44.39,200.5,4.39,0,No Failure
H,299.38,309.44,1480.2,26.3,214.4,6.43,0,No Failure
L,296.21,305.71,1666.2,50.65,197.6,3.37,0,No Failure
L,300.43,309.05,1315.0,37.42,24.7,2.33,0,No Failure
L,300.0,310.33,1721.5,52.69,54.6,5.24,1,Power Failure
H,298.37,308.3,1623.4,44.91,0.7,4.92,0,No Failure
M,301.32,311.82,1409.5,27.77,72.8,3.29,0,No Failure
M,301.88,311.34,1513.2,54.25,26.1,2.66,0,No Failure
L,296.78,308.01,1817.7,55.51,113.5,6.34,1,Power Failure
M,298.47,307.6,1666.4,48.82,162.5,6.2,0,No Failure
L,298.46,310.17,1539.5,32.38,209.9,1.52,0,No Failure
H,298.12,306.37,1496.4,36.94,179.8,3.95,0,No Failure
L,301.66,312.09,1551.4,41.45,225.3,6.5,1,Tool Wear Failure
L,299.61,310.09,1448.4,32.96,12.9,3.93,0,No Failure
L,299.47,308.68,1169.7,56.92,2.9,3.91,0,No Failure
L,295.99,306.42,1895.4,41.44,158.7,4.16,0,No Failure
M,301.27,312.55,1565.2,12.97,69.4,3.15,1,Power Failure
L,297.52,305.3,1607.7,43.39,60.8,2.45,0,No Failure
M,300.12,310.62,1527.9,36.52,79.4,5.76,0,No Failure
L,300.55,308.06,1409.4,39.25,64.8,2.29,0,No Failure
M,302.72,311.76,1505.5,36.31,122.7,4.8,0,No Failure
L,297.38,309.01,1258.1,48.07,105.6,5.56,0,No Failure
L,293.96,303.38,1936.5,51.2,123.0,2.76,1,Power Failure
M,300.37,309.19,1322.0,42.83,161.5,3.39,0,No Failure
L,303.6,313.4,1357.4,36.61,92.9,5.96,0,No Failure
L,302.48,314.55,1461.0,39.59,60.3,5.14,0,No Failure
H,300.42,308.59,1763.4,40.2,39.9,3.76,0,No Failure
H,299.02,307.97,1540.5,31.98,83.9,5.94,0,No Failure
L,301.61,313.11,1321.7,45.79,178.0,5.95,0,No Failure
L,298.05,309.91,1757.5,44.6,181.6,4.82,0,No Failure
M,300.95,310.85,1665.9,55.4,160.1,3.42,1,Power Failure
L,301.01,309.77,1632.2,52.55,56.2,4.0,0,No Failure
L,302.12,314.22,1663.3,33.14,141.1,4.84,0,No Failure
L,305.52,317.11,1957.0,48.2,137.0,4.27,1,Power Failure
M,300.78,311.46,1920.4,30.49,116.2,5.63,0,No Failure
M,298.98,308.17,1417.8,46.96,132.0,2.66,0,No Failure
L,299.95,309.9,1822.2,34.83,118.0,2.71,0,No Failure
L,296.46,306.3,1605.1,29.77,135.7,4.72,0,No Failure
L,298.61,308.94,1625.3,42.8,171.7,3.91,0,No Failure
M,299.18,310.63,1241.9,13.25,26.3,3.75,1,Power Failure
L,298.95,309.83,1508.2,22.49,179.9,2.38,0,No Failure
L,300.3,309.23,1395.8,38.23,32.6,4.52,0,No Failure
M,298.36,309.73,1682.9,40.82,16.0,4.44,0,No Failure
L,302.24,312.56,1725.4,36.31,234.3,5.28,0,No Failure
M,300.0,310.69,1175.0,24.21,229.7,4.58,1,Power Failure
L,299.98,311.45,1534.1,31.82,14.5,4.34,0,No Failure
L,299.34,308.23,1734.3,43.91,106.4,5.91,0,No Failure
L,300.31,310.27,1505.3,45.82,44.7,2.93,0,No Failure
M,301.65,311.12,1665.6,39.84,116.5,5.14,0,No Failure
H,298.27,306.7,1599.5,51.57,199.2,2.49,0,No Failure
H,298.68,309.03,1597.8,43.97,228.1,3.49,0,No Failure
L,299.39,311.9,1490.5,32.53,152.2,3.04,0,No Failure
M,297.31,305.47,1325.1,37.19,84.9,5.44,1,Heat Dissipation Failure
L,298.36,308.33,1341.7,25.97,144.8,4.42,0,No Failure
L,299.05,309.69,1662.1,38.92,74.9,4.48,0,No Failure
H,301.75,311.87,1541.4,51.12,218.4,3.17,1,Overstrain Failure
L,300.53,310.41,1513.8,46.85,208.9,4.14,0,No Failure
L,300.39,309.09,1463.8,54.02,134.0,3.58,0,No Failure
L,301.7,311.93,1484.6,36.97,78.0,4.96,0,No Failure
L,299.73,308.97,1721.2,53.46,70.4,3.31,1,Power Failure
L,300.78,308.59,1479.3,38.07,8.0,6.1,0,No Failure
M,299.79,310.99,1303.3,54.72,195.8,2.49,0,No Failure
L,300.53,311.49,1668.1,39.78,108.1,3.53,0,No Failure
H,298.83,308.89,1502.1,47.07,78.0,6.51,0,No Failure
H,295.12,305.35,1543.5,54.75,113.1,3.98,0,No Failure
L,299.73,310.81,1819.3,38.07,196.5,2.92,0,No Failure
L,302.85,313.07,1534.4,42.18,29.9,4.76,0,No Failure
L,301.85,312.76,1588.6,52.89,205.8,3.93,0,No Failure
M,301.93,311.63,1331.7,38.67,215.4,3.5,0,No Failure
L,302.47,313.78,1499.6,26.79,227.2,3.18,0,No Failure
M,300.18,310.5,1644.7,61.43,95.4,7.82,1,Power Failure
L,300.39,310.59,1265.8,35.3,52.1,4.2,0,No Failure
M,298.76,307.49,1573.1,41.59,89.7,2.19,0,No Failure
L,299.37,309.65,1555.6,51.56,79.9,6.29,0,No Failure
L,301.23,310.4,1545.2,33.92,42.3,5.23,0,No Failure
H,302.41,311.77,1719.5,29.92,145.7,3.58,0,No Failure
M,299.72,308.91,1596.5,42.54,114.4,3.38,0,No Failure
L,299.1,308.03,1796.7,22.07,207.8,5.31,0,No Failure
H,300.0,312.13,1364.1,37.12,7.7,4.2,0,No Failure
L,301.2,312.53,1561.8,42.45,154.5,2.19,0,No Failure
H,297.11,309.03,1552.8,37.3,183.1,6.64,0,No Failure
M,295.41,304.18,1350.9,24.57,182.3,3.98,0,No Failure
L,298.9,308.97,1705.4,55.94,212.7,6.29,1,Overstrain Failure
L,297.56,306.27,1944.8,41.04,175.0,6.03,0,No Failure
L,298.98,308.29,1535.0,54.31,222.7,3.3,1,Overstrain Failure
M,299.7,308.79,1626.4,37.4,79.8,5.74,0,No Failure
M,299.09,310.33,1552.8,31.2,120.8,3.72,0,No Failure
L,302.9,312.51,1413.1,42.69,3.4,2.26,0,No Failure
L,300.65,311.72,1219.4,37.84,1.7,3.99,0,No Failure
H,300.6,311.21,1414.5,28.22,57.6,4.98,0,No Failure
H,301.24,313.55,1294.4,54.7,24.2,3.94,0,No Failure
M,297.72,306.24,1836.2,33.78,62.5,4.13,0,No Failure
L,302.08,313.34,1517.9,21.6,42.5,5.87,0,No Failure
L,299.85,310.99,1477.5,53.28,6.8,4.63,0,No Failure
L,301.34,310.37,1693.6,34.96,218.2,3.49,0,No Failure
H,297.86,308.86,1341.7,33.92,2.0,5.34,0,No Failure
L,296.89,307.23,1403.8,22.35,176.7,4.74,0,No Failure
M,301.64,311.41,1549.9,57.41,36.5,1.47,1,Power Failure
L,300.75,309.93,1718.0,27.11,218.9,5.01,0,No Failure
M,298.2,307.48,1625.8,40.58,214.3,4.97,0,No Failure
M,298.26,310.31,1581.5,49.13,156.9,4.52,0,No Failure
H,302.25,312.25,1551.7,44.22,161.3,5.57,0,No Failure
L,297.62,308.4,1608.0,39.4,1.3,3.69,0,No Failure
L,303.29,312.49,1573.3,22.98,236.4,4.9,0,No Failure
L,298.2,307.42,1357.8,31.9,210.7,2.62,0,No Failure
H,301.28,312.36,1546.1,41.88,214.8,4.99,0,No Failure
H,299.34,307.99,1350.1,32.13,158.2,6.84,0,No Failure
M,301.21,310.79,1552.2,42.03,82.7,3.31,0,No Failure
M,298.91,308.95,1453.9,46.82,214.5,3.59,0,No Failure
M,299.67,309.79,1982.4,49.63,70.0,3.65,1,Power Failure
L,300.08,309.9,1531.0,27.74,135.1,4.66,0,No Failure
H,298.0,308.39,1292.3,61.97,23.9,3.22,0,No Failure
L,301.48,312.17,1514.5,47.67,221.3,5.01,0,No Failure
L,298.97,309.71,1628.9,39.98,33.8,5.52,0,No Failure
M,299.54,308.56,1830.8,50.9,54.0,5.14,1,Power Failure
L,298.01,307.73,1434.8,63.65,134.0,2.38,1,Power Failure
L,294.88,306.07,1261.1,25.61,183.4,5.69,0,No Failure
M,299.62,310.51,1680.9,37.75,148.6,5.62,0,No Failure
L,304.83,313.45,1296.4,16.22,55.7,5.5,1,Power Failure
M,301.57,311.92,1461.7,41.93,0.2,4.95,0,No Failure
L,299.96,307.98,1492.9,43.65,181.7,4.76,0,No Failure
L,299.47,309.52,1525.8,39.61,236.4,5.74,0,No Failure
L,300.04,311.94,1658.6,33.45,194.4,6.81,0,No Failure
L,301.09,310.15,1418.4,19.5,110.4,3.36,1,Power Failure
M,297.64,306.8,1490.1,43.74,216.9,5.79,0,No Failure
L,302.23,312.99,1535.5,54.55,98.4,4.4,0,No Failure
M,301.43,309.89,1564.2,34.09,126.0,4.34,0,No Failure
L,301.44,310.8,1555.1,44.4,114.5,2.66,0,No Failure
M,300.88,311.47,1614.3,24.32,107.4,4.16,0,No Failure
H,300.04,309.4,1685.7,44.57,186.0,3.3,0,No Failure
M,301.35,311.11,1606.7,36.07,126.4,3.94,0,No Failure
L,301.18,311.93,1617.4,32.38,76.0,3.18,0,No Failure
L,299.29,309.71,1261.1,32.4,62.0,3.96,0,No Failure
L,298.85,309.12,1546.8,36.06,9.1,4.01,0,No Failure
M,300.2,309.86,1621.9,43.82,140.0,4.62,0,No Failure
L,303.1,313.47,1665.6,26.88,55.2,2.56,0,No Failure
L,297.52,307.4,1416.8,36.03,35.6,2.77,0,No Failure
M,297.06,307.52,1422.7,39.59,156.9,4.93,0,No Failure
L,300.33,309.83,1437.5,29.01,163.5,3.54,0,No Failure
M,300.1,309.92,1631.9,57.97,180.5,5.79,1,Power Failure
L,300.35,309.36,1718.9,31.47,120.9,4.77,0,No Failure
L,300.49,310.45,1466.7,33.31,214.6,5.23,0,No Failure
M,299.55,308.74,1696.9,30.22,224.7,6.19,1,Tool Wear Failure
L,302.98,311.87,1559.6,57.98,193.8,4.13,1,Overstrain Failure
M,296.8,307.06,1516.2,45.53,152.5,3.81,0,No Failure
L,298.34,308.56,1501.0,30.63,72.9,5.55,0,No Failure
L,299.79,310.58,1668.7,51.06,235.9,5.11,1,Overstrain Failure
H,296.71,306.28,1595.0,42.01,65.8,4.28,0,No Failure
M,299.65,310.06,1936.3,42.57,48.6,6.17,0,No Failure
M,303.32,313.87,1388.9,36.56,106.1,4.25,0,No Failure
L,300.04,310.49,1628.7,32.51,13.6,4.54,0,No Failure
M,300.46,309.64,1445.4,43.38,234.8,4.53,0,No Failure
L,297.48,307.63,1385.9,34.55,141.2,3.38,0,No Failure
L,298.77,309.13,1536.1,58.17,133.7,4.59,1,Power Failure
H,299.25,309.26,1562.0,27.31,157.4,6.18,0,No Failure
L,299.36,307.28,2048.7,55.36,119.3,5.03,1,Power Failure
H,302.56,312.72,1505.8,38.89,7.7,4.54,0,No Failure
L,301.12,313.33,1340.2,42.99,147.0,4.31,0,No Failure
L,297.78,307.42,1585.8,48.33,171.9,4.9,0,No Failure
M,300.49,309.76,1174.9,33.7,100.0,5.4,0,No Failure
H,301.0,311.37,1521.9,48.64,181.8,5.23,0,No Failure
M,302.28,312.59,1540.8,12.92,54.5,4.1,1,Power Failure
H,303.16,314.35,1677.1,32.8,53.1,4.89,0,No Failure
M,297.97,306.71,1708.4,30.76,38.7,5.08,0,No Failure
M,298.38,309.11,1449.9,27.46,89.3,3.29,0,No Failure
H,297.48,308.08,1511.6,37.85,203.3,4.7,0,No Failure
L,299.53,309.39,1403.9,43.86,198.7,1.91,0,No Failure
L,300.93,311.27,1340.6,47.03,91.9,5.08,0,No Failure
L,301.97,313.0,1592.2,42.41,141.4,5.29,0,No Failure
H,299.85,310.72,1315.1,33.34,173.0,5.4,0,No Failure
H,299.36,308.22,1465.4,43.69,57.9,4.03,0,No Failure
L,300.3,311.12,1363.8,41.24,40.4,4.87,0,No Failure
M,298.33,308.27,1634.2,49.36,233.3,6.21,1,Tool Wear Failure
H,304.18,314.25,1853.3,47.77,148.2,6.2,1,Power Failure
L,296.78,306.86,1310.2,40.3,235.5,4.46,0,No Failure
M,300.37,310.22,1213.7,31.03,81.1,4.67,0,No Failure
H,304.05,315.24,1516.1,33.47,168.7,5.83,0,No Failure
L,300.01,309.93,1540.7,34.5,53.4,2.7,0,No Failure
M,299.62,308.5,1576.3,36.85,62.7,4.11,0,No Failure
L,299.29,308.89,1459.9,42.68,122.9,6.1,0,No Failure
H,299.64,309.82,1502.9,47.15,76.7,5.67,0,No Failure
H,302.75,313.97,1602.3,39.49,40.2,4.94,0,No Failure
H,295.58,306.18,1720.1,40.16,63.1,2.69,0,No Failure
L,303.07,312.22,1195.9,41.43,8.6,4.44,0,No Failure
H,297.15,309.64,1473.4,34.84,169.1,3.79,0,No Failure
H,299.47,309.73,1575.4,30.75,118.1,4.9,0,No Failure
L,299.14,310.42,1377.4,22.45,22.6,3.53,0,No Failure
H,301.18,311.03,1841.0,33.05,41.2,3.27,0,No Failure
L,296.8,307.34,1426.8,44.73,24.6,2.02,0,No Failure
M,300.92,311.76,1530.8,32.97,147.0,5.97,0,No Failure
L,304.05,315.27,1635.3,37.62,22.6,4.02,0,No Failure
L,297.27,308.33,1434.5,44.66,181.0,4.69,0,No Failure
L,300.38,311.25,1214.8,45.21,4.9,4.5,0,No Failure
M,298.68,308.36,1463.0,29.2,59.9,3.22,0,No Failure
L,300.85,310.28,1718.2,49.97,213.8,2.99,0,No Failure
M,300.04,310.37,1479.0,51.27,172.4,3.29,0,No Failure
L,298.72,309.65,1389.9,28.7,17.5,3.63,0,No Failure
L,300.98,310.75,1700.0,31.76,197.1,4.94,0,No Failure
M,303.61,314.67,1480.1,51.91,118.3,3.55,0,No Failure
M,299.62,311.07,1448.7,38.53,203.2,6.6,0,No Failure
L,301.44,310.52,1564.2,17.8,144.2,5.73,1,Power Failure
M,297.41,306.58,1672.9,26.0,163.6,5.47,0,No Failure
H,298.09,307.95,1954.8,37.51,238.4,4.36,0,No Failure
M,300.94,311.25,1682.8,28.37,55.8,6.32,0,No Failure
L,302.97,312.44,1741.0,35.87,149.7,4.24,0,No Failure
L,300.71,312.06,1449.5,40.32,110.5,4.46,0,No Failure
H,299.37,309.8,1358.5,54.62,9.5,4.7,0,No Failure
L,300.0,310.04,1548.9,37.1,3.5,5.34,0,No Failure
H,297.5,306.06,1556.8,50.73,28.6,5.26,0,No Failure
M,301.21,309.89,1349.3,54.29,155.8,3.93,0,No Failure
H,301.76,312.05,1507.3,54.34,136.1,3.86,0,No Failure
M,299.1,306.96,1607.9,42.85,132.8,5.27,0,No Failure
H,299.06,310.07,1601.1,20.37,7.6,5.36,0,No Failure
L,300.53,310.37,1626.3,44.61,112.6,4.03,0,No Failure
M,299.13,312.37,1588.9,50.48,221.9,2.6,1,Overstrain Failure
L,299.87,312.18,1449.3,39.19,95.4,4.25,0,No Failure
L,304.2,314.02,1448.1,57.45,150.0,5.25,0,No Failure
M,299.51,309.4,1328.2,48.6,187.2,6.67,0,No Failure
H,299.28,310.28,1850.3,45.68,188.1,3.06,0,No Failure
H,298.7,310.41,1540.4,50.86,124.6,3.99,0,No Failure
M,301.49,309.85,1498.7,43.33,205.9,4.03,0,No Failure
L,299.64,307.85,1375.5,15.07,93.9,6.13,1,Power Failure
L,298.7,308.08,2051.7,35.01,213.3,4.46,0,No Failure
M,302.64,313.23,1350.2,51.97,57.7,3.41,0,No Failure
L,302.84,313.34,1463.0,31.92,67.3,5.17,0,No Failure
L,298.8,309.87,1610.8,37.77,12.7,4.01,0,No Failure
L,296.27,305.07,1643.0,29.55,190.9,3.03,0,No Failure
L,302.02,309.7,1705.6,57.84,100.1,3.43,1,Power Failure
L,298.63,309.49,1854.3,56.81,55.0,6.58,1,Power Failure
L,301.58,310.75,1626.6,31.16,55.6,4.96,0,No Failure
L,296.06,304.04,1353.2,41.47,216.3,4.63,1,Heat Dissipation Failure
L,301.79,311.93,1493.0,33.2,200.1,4.2,0,No Failure
H,297.58,308.37,1591.9,46.15,132.8,4.85,0,No Failure
L,301.46,311.34,1899.9,45.1,147.9,4.84,0,No Failure
L,300.03,309.57,1293.4,48.12,113.8,4.85,0,No Failure
M,298.09,307.93,1748.5,43.32,94.0,4.64,0,No Failure
L,299.19,308.82,1569.5,69.35,219.7,5.54,1,Overstrain Failure
H,301.37,310.02,1684.6,29.72,30.1,4.53,0,No Failure
M,300.21,309.5,1520.2,22.89,100.4,3.33,0,No Failure
L,301.17,311.69,1390.6,36.07,82.7,3.77,0,No Failure
L,303.95,314.27,1669.4,24.32,119.6,2.13,0,No Failure
H,296.87,307.04,1652.5,25.08,109.8,6.93,0,No Failure
H,303.23,312.24,1708.1,29.99,124.5,5.54,0,No Failure
L,300.21,310.03,1535.7,30.78,33.6,3.5,0,No Failure
M,298.2,306.03,1433.0,30.45,123.2,4.16,0,No Failure
L,297.34,307.52,1265.2,45.18,58.2,3.74,0,No Failure
H,299.62,311.05,1681.4,34.94,44.2,6.35,0,No Failure
L,301.84,310.37,1612.2,38.2,15.6,2.8,0,No Failure
H,299.74,309.16,1369.0,48.94,183.0,4.64,0,No Failure
M,303.02,313.35,1443.7,32.34,102.6,4.37,0,No Failure
M,297.1,308.35,1456.3,37.35,150.4,5.49,0,No Failure
M,299.98,309.53,1278.5,43.66,174.6,4.38,0,No Failure
L,297.5,306.8,1394.9,20.58,163.0,2.39,1,Power Failure
L,300.73,308.76,1339.6,16.15,112.9,4.2,1,Power Failure
L,301.77,311.88,1465.8,43.46,93.1,3.33,0,No Failure
L,299.16,311.2,1408.7,44.92,90.2,4.6,0,No Failure
M,294.79,305.07,1253.3,60.64,153.6,6.22,0,No Failure
L,300.4,310.38,1892.0,41.58,118.8,2.41,0,No Failure
L,300.87,311.2,1757.2,48.2,203.8,3.54,0,No Failure
H,300.81,310.8,1401.7,38.05,209.9,3.84,0,No Failure
H,302.47,311.66,1585.7,42.97,40.9,4.04,0,No Failure
H,297.86,308.68,1611.1,56.67,32.7,5.39,1,Power Failure
H,301.36,311.59,1746.4,18.76,151.3,4.29,0,No Failure
L,302.39,312.4,1394.7,44.14,72.3,5.0,0,No Failure
L,296.44,305.47,1729.1,61.36,4.5,3.75,1,Power Failure
M,300.64,311.94,1442.1,42.82,213.3,4.78,0,No Failure
M,298.99,309.66,1304.2,56.51,54.5,5.43,0,No Failure
L,299.84,309.28,1664.7,33.71,223.0,3.62,0,No Failure
H,300.7,311.7,1763.9,39.68,172.2,5.44,0,No Failure
L,299.03,308.53,1990.9,40.34,183.0,4.56,0,No Failure
L,298.65,307.87,1328.0,17.82,48.4,5.75,1,Power Failure
M,300.07,309.31,1660.3,28.32,56.2,4.26,0,No Failure
M,297.83,306.05,1466.3,29.03,125.1,4.96,0,No Failure
M,297.83,308.3,1675.1,48.22,41.3,4.45,0,No Failure
L,301.36,309.53,1280.7,48.72,73.3,4.38,1,Heat Dissipation Failure
H,297.7,306.47,1317.0,43.24,77.2,4.81,0,No Failure
L,301.33,309.26,1402.2,48.24,38.3,5.14,0,No Failure
L,300.93,310.84,1551.8,38.36,49.2,3.0,0,No Failure
H,296.55,306.4,1425.8,52.02,189.3,6.22,0,No Failure
H,298.64,308.32,1653.3,40.09,40.1,2.27,0,No Failure
H,302.39,311.35,1717.7,40.58,6.8,3.68,0,No Failure
H,298.04,306.87,1642.9,37.34,151.0,4.39,0,No Failure
M,299.07,309.54,1821.3,46.84,234.2,4.99,0,No Failure
M,300.92,310.37,1610.8,35.79,79.5,6.39,0,No Failure
L,301.57,311.88,1325.0,49.76,28.5,2.27,0,No Failure
L,299.5,308.61,1776.6,28.68,136.9,3.89,0,No Failure
L,298.8,308.99,1432.1,29.01,217.5,1.95,0,No Failure
L,302.84,314.15,1697.3,46.87,188.2,4.54,0,No Failure
M,303.48,314.06,1813.4,39.11,149.4,4.83,0,No Failure
L,301.96,311.55,1617.9,35.46,75.6,6.41,0,No Failure
L,300.17,310.43,1276.2,48.9,130.1,4.64,0,No Failure
L,298.38,308.14,1377.3,33.93,21.9,5.75,0,No Failure
M,298.34,308.35,1769.5,38.0,162.9,5.2,0,No Failure
L,301.05,310.72,1508.4,53.99,174.0,3.98,0,No Failure
H,300.84,310.67,1551.9,55.39,231.6,2.81,1,Overstrain Failure
L,302.8,313.02,1670.8,55.72,62.5,4.83,1,Power Failure
L,301.3,310.31,1659.9,37.18,4.4,2.71,0,No Failure
M,296.99,305.98,1586.8,52.31,130.9,6.05,0,No Failure
H,302.1,310.72,1501.5,30.51,169.6,4.31,0,No Failure
L,298.0,306.4,1483.3,30.93,189.7,5.93,0,No Failure
M,299.23,308.01,1688.1,16.5,46.5,3.92,1,Power Failure
M,300.5,310.66,1634.9,56.73,62.8,4.82,1,Power Failure
L,303.99,313.1,1493.0,31.36,123.0,4.75,0,No Failure
H,306.22,316.73,1727.4,38.73,79.3,4.45,0,No Failure
M,301.21,311.25,1515.4,30.9,206.5,3.98,0,No Failure
M,299.63,307.67,1389.0,46.95,113.7,4.97,0,No Failure
H,301.07,311.72,1405.2,36.24,191.9,3.39,0,No Failure
H,301.78,312.59,1366.7,26.95,139.3,3.05,0,No Failure
M,299.36,308.36,1490.3,44.42,185.5,5.99,0,No Failure
H,303.59,314.01,1753.9,25.66,79.8,5.37,0,No Failure
M,300.46,309.6,1397.1,31.63,199.5,4.58,0,No Failure
M,301.0,311.09,1571.0,18.93,65.9,6.5,1,Power Failure
M,301.33,310.07,1423.1,25.76,131.1,4.18,0,No Failure
M,300.84,309.05,1492.4,41.79,51.4,6.09,0,No Failure
L,301.68,311.3,1273.7,20.35,114.1,4.71,1,Power Failure
H,298.77,308.64,1499.4,25.19,76.4,3.27,0,No Failure
H,298.88,308.49,1504.1,39.98,64.0,6.72,0,No Failure
L,297.8,306.62,1632.6,34.56,232.1,5.69,0,No Failure
H,300.88,310.48,1577.1,59.92,38.4,4.35,1,Power Failure
L,301.56,311.83,1328.3,58.34,189.0,5.37,1,Overstrain Failure
L,300.92,310.87,1727.7,31.32,236.2,4.02,0,No Failure
M,303.35,313.53,1574.8,45.57,4.8,5.49,0,No Failure
L,299.99,309.32,1572.7,47.49,167.8,1.63,0,No Failure
H,301.34,312.51,1536.4,34.03,60.7,3.28,0,No Failure
H,297.82,306.64,1447.4,25.04,9.7,5.68,0,No Failure
M,299.23,309.71,1576.1,39.88,96.7,4.2,0,No Failure
L,301.39,312.57,1621.2,38.27,224.5,4.75,0,No Failure
L,301.7,312.18,1232.3,35.64,2.8,2.88,0,No Failure
M,299.41,309.21,1443.7,44.42,141.1,6.72,0,No Failure
H,299.86,309.33,1493.4,32.49,120.3,5.93,0,No Failure
M,296.96,308.0,1582.8,28.48,209.6,4.26,0,No Failure
L,299.29,307.86,1746.8,41.09,20.2,4.01,0,No Failure
M,301.78,310.81,1402.9,43.86,163.6,5.74,0,No Failure
M,301.15,310.75,1450.9,28.23,163.2,6.88,0,No Failure
M,301.0,312.24,1448.3,49.28,160.6,5.64,0,No Failure
L,300.1,310.48,1397.7,22.3,226.2,7.11,1,Tool Wear Failure
M,300.01,309.05,1477.2,34.22,197.5,3.39,0,No Failure
M,298.68,308.37,1672.9,37.42,10.1,3.52,0,No Failure
H,301.4,310.78,1353.6,33.64,113.1,3.07,0,No Failure
L,300.84,310.13,1612.9,34.35,95.5,5.03,0,No Failure
M,300.98,311.96,1240.2,58.71,74.4,4.71,0,No Failure
H,298.95,307.58,1439.8,31.49,108.3,4.32,0,No Failure
L,295.69,307.3,1480.3,64.41,92.2,5.47,1,Power Failure
H,302.19,313.02,1831.1,44.37,103.8,5.98,0,No Failure
M,299.04,310.13,1489.9,40.92,235.0,2.67,0,No Failure
L,298.27,307.81,1152.8,44.76,21.3,3.78,0,No Failure
L,301.39,311.24,1188.2,65.3,221.3,5.48,1,Overstrain Failure
M,299.22,307.78,1544.0,30.06,115.3,3.94,0,No Failure
L,302.12,311.6,1645.4,28.8,149.7,3.54,0,No Failure
M,301.23,311.73,1603.7,32.45,199.2,5.72,0,No Failure
L,301.37,312.66,1567.3,40.32,86.5,2.95,0,No Failure
M,297.27,306.16,1741.4,22.74,103.3,4.14,0,No Failure
L,302.42,312.06,1443.6,40.22,98.3,4.89,0,No Failure
H,300.52,310.37,1694.6,56.94,89.9,3.81,1,Power Failure
H,299.26,307.87,1252.4,41.51,222.1,5.44,0,No Failure
H,300.29,310.88,1379.6,37.07,198.9,3.82,0,No Failure
M,296.45,305.72,1221.8,33.82,26.2,6.19,0,No Failure
L,300.82,310.62,1489.9,48.99,25.9,4.35,0,No Failure
M,297.94,307.49,1529.9,31.74,102.7,5.31,0,No Failure
L,297.29,306.51,1558.0,58.46,23.7,5.4,1,Power Failure
L,296.96,306.95,1548.8,59.33,148.6,3.75,1,Power Failure
L,302.23,312.01,1375.7,42.57,34.5,2.04,0,No Failure
L,298.74,308.37,1504.7,39.88,125.4,4.93,0,No Failure
M,303.07,312.34,1275.9,50.31,1.7,4.59,0,No Failure
M,298.93,309.25,1776.6,50.95,76.0,5.17,1,Power Failure
L,296.59,308.24,1484.9,31.94,162.5,4.23,0,No Failure
L,297.77,307.91,1452.4,34.73,116.2,3.98,0,No Failure
H,302.47,313.47,1816.1,26.78,234.8,6.91,1,Tool Wear Failure
L,299.69,308.3,1320.6,44.09,209.8,2.73,0,No Failure
L,298.9,309.06,1341.0,46.67,86.2,5.38,0,No Failure
L,300.32,309.22,1346.2,26.5,10.9,3.81,0,No Failure
M,301.0,309.53,1526.1,35.45,203.0,4.1,0,No Failure
M,302.23,311.5,1613.5,26.53,218.7,4.12,0,No Failure
L,302.9,314.09,1667.4,31.01,197.0,3.54,0,No Failure
L,299.28,310.23,1988.1,45.51,30.7,5.19,1,Power Failure
M,297.35,307.59,1144.3,32.67,239.5,6.17,1,Tool Wear Failure
M,299.17,307.64,1644.5,36.99,62.1,5.06,0,No Failure
L,300.52,310.32,1440.5,23.73,173.8,4.62,0,No Failure
H,298.07,308.37,1435.4,41.87,217.9,3.32,0,No Failure
L,298.09,308.26,1429.5,39.56,56.6,5.12,0,No Failure
L,300.69,308.84,1379.0,32.71,218.0,7.09,1,Tool Wear Failure
H,299.9,309.01,1832.8,38.11,74.3,4.04,0,No Failure
L,300.07,310.0,1685.4,41.8,234.3,4.05,0,No Failure
M,298.48,309.02,1542.1,31.85,67.5,3.83,0,No Failure
L,299.54,307.34,1774.4,25.24,228.8,3.91,0,No Failure
L,298.15,307.99,1273.3,58.06,12.9,1.21,0,No Failure
H,301.78,311.92,1305.1,33.67,170.2,4.99,0,No Failure
L,302.07,312.92,1156.9,39.03,127.7,3.49,0,No Failure
H,296.31,307.0,1415.6,50.11,114.7,2.57,0,No Failure
L,298.14,308.72,1566.3,75.29,53.6,5.4,1,Power Failure
L,297.01,306.21,1556.0,27.56,169.3,3.2,0,No Failure
L,298.7,306.79,1564.1,44.5,45.8,4.09,0,No Failure
M,299.83,309.44,1291.1,32.92,132.7,6.26,0,No Failure
L,297.1,308.1,1678.6,34.61,60.8,2.81,0,No Failure
H,298.16,309.55,1579.9,32.8,229.3,2.66,0,No Failure
L,297.99,308.7,1666.3,28.74,6.9,4.82,0,No Failure
H,300.41,310.84,1206.8,39.59,47.9,5.88,0,No Failure
L,300.14,310.52,1592.5,25.25,58.2,2.61,0,No Failure
H,298.56,308.0,1330.1,49.47,99.4,4.99,0,No Failure
M,300.35,310.22,1468.5,40.55,55.9,5.2,0,No Failure
M,298.91,310.58,1631.5,44.22,117.9,2.03,0,No Failure
H,299.46,308.51,1553.9,35.34,209.4,5.46,0,No Failure
M,303.35,314.96,1389.0,36.33,170.9,5.55,0,No Failure
M,302.68,312.36,1539.1,42.88,139.2,4.13,0,No Failure
L,297.4,308.73,1270.0,28.36,21.4,6.0,0,No Failure
L,301.66,310.25,1739.3,36.42,166.6,5.86,0,No Failure
H,301.62,312.21,1502.1,31.4,39.9,4.62,0,No Failure
M,297.7,306.97,1733.7,31.09,188.7,3.96,0,No Failure
M,301.64,310.22,1445.9,18.9,60.0,3.33,1,Power Failure
L,303.08,313.29,1446.4,53.39,100.1,4.45,0,No Failure
L,297.75,308.76,1404.3,33.13,84.1,5.18,0,No Failure
L,298.16,307.32,1691.3,51.63,206.1,4.11,0,No Failure
M,302.04,310.54,1413.8,50.69,30.4,1.86,0,No Failure
L,300.54,310.45,1650.8,27.14,135.8,6.02,0,No Failure
L,301.1,311.02,1471.1,29.12,34.1,4.73,0,No Failure
L,300.68,311.23,1192.2,65.61,169.2,4.04,1,Overstrain Failure
L,300.78,311.73,1438.2,57.51,217.2,5.53,1,Overstrain Failure
M,297.35,307.29,1331.7,39.68,104.3,6.33,0,No Failure
L,302.09,313.95,1543.9,42.57,117.1,1.14,0,No Failure
M,302.34,312.56,1329.7,33.69,222.6,5.02,0,No Failure
L,299.54,309.19,1700.0,44.32,125.0,2.79,0,No Failure
L,299.91,308.3,1522.1,32.83,117.0,5.1,0,No Failure
L,296.94,306.68,1506.9,19.68,138.8,4.65,1,Power Failure
L,301.03,310.69,1652.8,26.78,165.4,5.26,0,No Failure
L,301.14,312.1,1706.7,40.21,25.7,3.9,0,No Failure
L,299.88,310.34,1534.5,28.69,197.1,2.25,0,No Failure
M,302.25,311.07,1403.0,39.33,104.5,3.96,0,No Failure
L,299.33,309.5,1227.6,29.25,17.4,4.99,0,No Failure
M,301.13,311.8,1417.9,32.18,188.7,5.72,0,No Failure
H,297.96,309.49,1430.0,48.53,90.5,3.09,0,No Failure
M,299.95,310.84,1556.7,42.47,24.1,5.73,0,No Failure
L,299.65,310.41,1477.6,39.9,152.1,3.72,0,No Failure
L,300.45,310.51,1658.4,48.79,211.2,4.93,0,No Failure
L,299.26,309.65,1430.7,44.81,213.1,3.89,0,No Failure
L,299.74,310.99,1528.0,54.47,229.8,4.72,1,Overstrain Failure
H,301.65,310.32,1745.2,35.4,208.2,5.57,0,No Failure
L,299.13,308.78,1597.8,35.7,0.5,3.03,0,No Failure
L,296.79,306.01,1527.5,26.99,91.3,3.68,0,No Failure
M,303.5,313.88,1432.7,35.71,196.5,4.72,0,No Failure
M,302.76,313.99,1427.2,49.65,87.9,7.38,0,No Failure
M,297.42,306.82,1389.1,53.0,144.4,3.46,0,No Failure
L,301.38,308.99,1443.3,49.6,145.5,6.95,0,No Failure
L,298.99,308.58,1670.2,22.06,87.6,6.91,0,No Failure
M,300.53,311.44,1499.2,50.83,217.1,4.38,1,Overstrain Failure
L,300.59,311.13,1301.8,21.61,120.8,4.14,1,Power Failure
L,299.53,309.96,1847.4,48.98,111.5,3.67,1,Power Failure
L,298.43,308.15,1594.0,36.32,239.4,4.42,0,No Failure
L,298.62,307.34,1291.8,47.03,118.4,2.81,0,No Failure
L,298.17,308.68,1460.7,26.68,42.8,4.41,0,No Failure
L,298.34,307.5,1557.4,51.71,123.1,6.3,0,No Failure
M,299.87,312.05,1836.3,25.35,195.4,3.77,0,No Failure
M,298.57,309.14,1344.1,33.32,186.4,4.21,0,No Failure
H,301.36,310.78,1708.8,30.02,189.3,2.46,0,No Failure
L,302.97,312.36,1782.9,22.46,169.9,4.95,0,No Failure
L,298.84,308.75,1428.0,40.95,61.0,4.82,0,No Failure
L,300.48,310.24,1489.4,58.06,206.9,4.58,1,Overstrain Failure
M,301.0,312.12,1356.6,66.67,214.4,4.24,1,Overstrain Failure
M,300.94,311.13,1502.4,40.97,46.6,4.15,0,No Failure
L,300.15,309.42,1531.6,51.17,31.3,5.1,0,No Failure
H,301.49,313.38,1653.4,42.32,234.1,4.47,0,No Failure
L,300.96,311.01,1728.8,44.99,208.4,4.88,0,No Failure
M,297.52,308.29,1407.1,36.58,214.4,4.76,0,No Failure
M,301.74,311.13,1193.7,41.95,212.7,5.85,0,No Failure
H,301.77,312.14,1534.3,45.37,130.0,5.31,0,No Failure
M,298.47,308.78,1589.4,34.22,155.1,4.73,0,No Failure
H,300.08,308.19,1581.6,39.23,130.9,6.32,0,No Failure
L,301.37,313.38,1480.8,39.42,12.3,5.0,0,No Failure
H,299.58,310.87,1559.8,48.26,178.9,6.07,0,No Failure
L,302.15,311.75,1803.2,29.34,121.3,5.23,0,No Failure
H,304.73,313.63,1604.8,39.48,155.5,2.29,0,No Failure
M,298.43,308.78,1472.7,59.12,120.6,6.07,0,No Failure
H,297.24,307.32,1450.5,51.64,118.0,4.66,0,No Failure
L,300.61,310.96,1508.3,53.49,41.2,4.44,0,No Failure
M,301.44,311.63,1824.4,40.24,66.9,4.84,0,No Failure
M,299.54,310.04,1505.9,43.21,38.1,4.09,0,No Failure
M,302.91,314.35,1534.5,50.02,47.0,4.77,0,No Failure
L,297.32,307.89,1453.6,55.6,233.5,3.79,1,Overstrain Failure
L,301.39,310.34,1730.3,20.48,36.7,6.03,0,No Failure
L,298.79,310.15,1881.0,26.85,64.6,4.36,0,No Failure
L,303.44,315.08,1616.9,53.09,141.7,4.04,0,No Failure
H,303.99,317.14,1552.5,37.23,146.4,3.39,0,No Failure
L,298.47,307.34,1544.4,33.28,37.0,4.82,0,No Failure
H,298.9,309.14,1120.7,27.46,190.5,4.72,0,No Failure
L,301.72,309.64,1668.4,34.45,188.4,4.97,0,No Failure
L,299.23,309.78,1561.5,25.98,57.0,3.27,0,No Failure
M,299.91,309.36,1613.0,60.91,69.3,2.58,1,Power Failure
M,300.05,311.97,1413.5,39.78,225.1,5.25,0,No Failure
L,296.16,305.39,1470.7,39.42,198.2,6.28,0,No Failure
M,299.97,308.28,1466.1,45.88,167.5,3.27,0,No Failure
M,298.62,308.15,1716.8,49.62,19.7,6.41,0,No Failure
L,299.01,307.04,1471.7,49.46,100.4,4.84,0,No Failure
H,302.89,313.64,1902.5,50.74,134.2,4.49,1,Power Failure
H,297.49,305.42,1613.4,33.69,45.0,4.02,0,No Failure
M,301.63,311.65,1314.8,37.02,107.6,2.84,0,No Failure
L,299.44,307.36,1515.5,47.69,144.2,5.69,0,No Failure
M,299.44,309.12,1424.0,34.73,78.6,3.57,0,No Failure
L,301.58,313.22,1154.0,39.95,187.4,3.56,0,No Failure
L,300.68,311.04,1817.9,43.99,201.7,5.69,0,No Failure
L,301.14,310.28,1661.0,47.85,77.7,2.24,0,No Failure
L,301.94,311.91,1631.3,22.22,201.3,2.67,0,No Failure
H,299.34,309.36,1566.9,47.15,24.9,4.48,0,No Failure
M,298.78,309.25,1296.1,37.66,201.1,4.85,0,No Failure
M,297.83,306.46,1453.4,47.07,36.7,5.08,0,No Failure
L,298.35,308.94,1685.3,47.77,19.9,4.14,0,No Failure
L,305.9,313.19,1354.0,56.08,154.0,7.54,1,Heat Dissipation Failure
L,302.49,311.86,1094.9,53.53,113.3,4.23,0,No Failure
H,297.3,306.81,1498.3,53.47,217.9,4.22,1,Overstrain Failure
L,297.36,307.99,1513.2,54.44,87.2,3.54,0,No Failure
H,300.96,310.99,1561.7,42.91,68.9,4.65,0,No Failure
M,301.09,309.69,1665.5,40.32,120.2,5.24,0,No Failure
L,301.1,310.11,1649.6,48.73,109.4,5.94,0,No Failure
M,299.49,309.69,1583.3,47.32,82.7,2.71,0,No Failure
L,299.75,309.67,1747.2,36.91,166.5,4.2,0,No Failure
H,300.66,310.08,1272.2,44.05,182.3,5.04,0,No Failure
H,300.17,309.69,1626.3,39.65,204.7,5.2,0,No Failure
L,295.56,306.26,1647.6,31.46,233.5,4.51,0,No Failure
L,299.54,309.02,1321.1,52.9,64.0,5.15,0,No Failure
M,298.3,308.21,1275.0,40.55,171.9,3.53,0,No Failure
H,300.35,312.52,1407.5,60.49,94.6,6.37,0,No Failure
L,305.97,314.55,1422.2,23.75,162.5,5.69,0,No Failure
M,300.73,308.88,1669.8,34.43,114.2,2.89,0,No Failure
M,299.37,310.16,1430.5,40.33,238.5,3.21,0,No Failure
M,301.84,311.16,1388.1,51.37,174.9,3.24,0,No Failure
L,300.97,310.65,1431.0,43.99,228.6,5.31,0,No Failure
M,300.84,310.06,1733.8,43.1,200.4,2.96,0,No Failure
H,301.21,310.95,1540.3,28.73,216.7,4.1,0,No Failure
L,304.11,315.71,1506.6,28.43,195.5,5.05,0,No Failure
L,297.74,308.54,1518.7,43.23,110.2,4.42,0,No Failure
H,300.95,311.81,1764.1,26.36,60.4,4.81,0,No Failure
L,298.15,306.73,1406.9,34.68,88.9,3.22,0,No Failure
H,301.11,309.96,1768.2,45.01,4.9,5.21,0,No Failure
L,298.16,305.32,1574.8,30.18,125.8,3.76,0,No Failure
L,299.17,308.36,1509.9,56.05,121.2,4.11,0,No Failure
H,299.41,310.37,1975.7,52.24,126.1,4.79,1,Power Failure
L,301.95,312.47,1353.3,24.29,233.8,4.62,0,No Failure
M,301.84,311.62,1476.1,30.68,218.7,4.53,0,No Failure
L,297.51,307.49,1322.3,17.14,38.8,3.6,1,Power Failure
M,300.11,309.42,1704.7,32.17,88.5,4.14,0,No Failure
L,298.58,308.79,1833.6,47.66,101.7,4.5,0,No Failure
L,297.48,308.25,1830.2,35.86,86.5,2.85,0,No Failure
H,299.57,307.95,1752.2,44.61,191.6,3.94,0,No Failure
L,299.38,309.68,1503.4,24.78,125.8,4.97,0,No Failure
M,304.85,315.79,1474.1,47.98,137.3,2.97,0,No Failure
L,300.87,310.45,1245.5,34.45,204.7,5.89,0,No Failure
M,297.24,307.95,1894.3,40.12,193.4,6.02,0,No Failure
L,298.87,311.69,1620.1,39.07,31.7,3.01,0,No Failure
H,302.04,311.94,1451.9,27.28,171.3,6.13,0,No Failure
L,304.18,314.57,1770.4,28.47,104.5,4.33,0,No Failure
L,296.83,306.09,1367.8,49.68,70.7,5.0,0,No Failure
L,296.24,306.42,1609.2,43.99,12.0,3.9,0,No Failure
L,303.74,314.2,1507.8,50.5,116.9,5.61,0,No Failure
M,300.78,310.97,1649.8,43.25,85.3,4.99,0,No Failure
L,298.26,307.24,1526.9,41.43,60.4,3.52,0,No Failure
H,301.07,311.28,1284.1,22.74,166.7,3.1,1,Power Failure
L,294.73,306.19,1551.2,37.3,184.7,2.75,0,No Failure
L,300.01,310.46,1721.6,39.73,58.7,4.73,0,No Failure
M,300.66,311.62,1532.9,59.53,11.9,5.19,1,Power Failure
M,301.85,311.61,1673.6,46.87,203.7,5.28,0,No Failure
L,297.97,308.72,1355.0,55.36,2.4,4.36,0,No Failure
L,300.17,310.45,1533.4,45.98,224.9,3.11,0,No Failure
L,298.15,307.2,1428.7,32.89,150.6,3.68,0,No Failure
M,300.51,310.83,1668.7,41.17,77.2,5.88,0,No Failure
M,298.21,307.22,1543.5,42.36,59.2,3.92,0,No Failure
L,299.18,308.55,1658.8,30.61,2.2,4.67,0,No Failure
H,298.01,308.2,1728.3,36.16,56.5,3.21,0,No Failure
H,301.3,311.6,1659.0,37.94,33.1,4.9,0,No Failure
M,301.72,310.53,1585.8,56.06,146.9,3.95,1,Power Failure
H,299.53,310.58,1363.3,19.19,40.0,5.76,1,Power Failure
L,300.08,310.65,1537.5,52.06,126.9,5.43,0,No Failure
L,297.1,306.4,1444.7,30.63,141.6,3.91,0,No Failure
L,299.4,307.86,1477.8,26.28,71.5,4.35,0,No Failure
L,299.9,309.75,1472.5,51.8,8.4,3.84,0,No Failure
M,305.24,314.8,1366.5,47.32,8.9,2.8,0,No Failure
H,297.78,307.89,1195.5,52.55,6.3,3.47,0,No Failure
L,302.93,312.57,1421.1,48.01,177.4,4.74,0,No Failure
L,301.99,309.99,1571.8,60.6,76.3,4.89,1,Power Failure
L,300.56,310.17,1302.1,45.59,191.1,4.68,0,No Failure
H,303.52,313.21,1540.7,38.44,103.6,4.14,0,No Failure
L,300.74,311.38,1870.5,43.43,108.7,5.62,0,No Failure
M,300.78,310.08,1717.0,52.43,123.1,4.58,1,Power Failure
L,299.89,311.57,1825.6,32.21,171.1,5.34,0,No Failure
L,302.45,310.54,1606.4,33.48,65.6,2.37,0,No Failure
H,302.19,313.5,1742.3,36.91,29.2,-0.21,0,No Failure
H,298.75,308.52,1411.3,18.95,133.5,4.84,1,Power Failure
L,297.36,308.22,1425.2,41.38,78.5,2.79,0,No Failure
H,299.59,309.67,1058.7,21.14,106.2,4.25,1,Power Failure
M,298.4,309.54,1745.6,40.53,155.3,4.14,0,No Failure
H,299.87,309.49,1807.6,48.65,118.6,6.4,1,Power Failure
L,302.47,311.38,1441.2,35.23,148.9,4.98,0,No Failure
M,299.09,310.51,1493.6,56.77,130.6,4.7,0,No Failure
L,299.91,309.8,1406.1,25.39,177.6,5.5,0,No Failure
M,300.12,310.34,1605.0,51.91,169.4,4.94,0,No Failure
L,301.7,312.93,1734.9,46.75,128.2,3.95,0,No Failure
L,295.51,304.47,1233.0,22.84,162.9,5.79,1,Power Failure
L,298.79,309.38,1609.7,67.11,209.7,3.17,1,Overstrain Failure
M,300.42,309.83,1489.6,39.36,103.7,4.89,0,No Failure
L,302.4,312.27,1557.8,31.23,99.1,2.64,0,No Failure
M,299.02,309.09,1618.3,25.93,183.4,4.74,0,No Failure
H,296.25,304.75,1505.1,37.8,139.8,4.73,0,No Failure
L,301.24,310.46,1519.9,38.73,17.0,6.51,0,No Failure
M,298.73,310.08,1500.6,41.03,214.1,2.62,0,No Failure
L,297.62,308.51,1707.8,37.02,7.4,3.78,0,No Failure
H,298.75,308.69,1611.3,46.33,179.6,5.49,0,No Failure
L,299.63,309.87,1576.6,36.12,182.1,4.9,0,No Failure
M,298.79,308.5,1315.6,20.65,228.7,4.72,1,Power Failure
H,295.59,306.95,1471.7,38.51,13.0,3.35,0,No Failure
H,301.79,311.59,1695.3,16.33,143.2,3.79,1,Power Failure
M,302.55,312.78,1544.6,43.54,102.7,5.99,0,No Failure
L,301.3,312.45,1653.4,30.21,79.4,4.44,0,No Failure
M,297.72,306.95,1847.1,41.63,21.7,4.95,0,No Failure
H,299.6,311.16,1719.8,53.14,135.0,4.36,1,Power Failure
M,299.99,308.46,1554.3,30.51,115.0,3.08,0,No Failure
L,301.2,312.83,1448.6,50.61,25.1,5.62,0,No Failure
H,301.34,310.96,1091.1,35.67,147.0,5.1,0,No Failure
M,298.53,308.29,1508.5,57.53,177.1,7.27,0,No Failure
M,300.16,308.27,1480.9,36.35,184.1,3.28,0,No Failure
L,300.91,310.46,1606.3,31.6,217.3,5.49,0,No Failure
M,302.91,311.87,1511.1,46.87,98.3,2.93,0,No Failure
L,301.41,310.8,1481.9,35.64,228.7,4.69,0,No Failure
M,301.58,311.44,1226.6,31.59,207.7,5.67,0,No Failure
L,300.17,311.13,1373.5,35.22,71.2,2.01,0,No Failure
M,302.82,313.03,1621.4,39.55,38.2,4.25,0,No Failure
H,300.82,311.13,1838.3,53.42,104.5,3.82,1,Power Failure
L,298.28,307.18,1520.9,20.66,96.5,3.66,0,No Failure
H,302.81,311.93,1595.4,40.23,138.2,4.96,0,No Failure
L,301.4,313.19,1704.7,46.25,140.0,5.84,0,No Failure
H,299.11,308.38,1396.1,41.93,180.0,4.34,0,No Failure
M,299.04,310.7,1602.2,53.1,122.4,4.75,0,No Failure
M,300.59,310.35,1408.4,39.26,25.2,4.64,0,No Failure
M,300.93,310.93,1689.3,38.15,206.0,4.5,0,No Failure
H,300.39,311.46,1564.5,45.92,74.3,3.19,0,No Failure
L,300.62,311.89,1590.2,40.99,233.1,5.83,0,No Failure
L,303.4,313.29,1401.0,36.1,28.3,4.85,0,No Failure
M,302.14,311.75,1661.7,45.16,230.0,4.97,0,No Failure
H,300.38,310.33,1902.8,33.47,21.8,3.53,0,No Failure
M,301.88,312.22,1361.6,33.89,55.4,3.95,0,No Failure
M,297.93,308.83,1478.5,34.72,11.2,4.29,0,No Failure
L,300.8,310.8,1578.5,53.53,169.2,2.66,0,No Failure
H,303.62,314.24,1675.6,7.79,204.1,2.47,1,Power Failure
L,299.56,311.2,1440.1,43.96,104.2,3.78,0,No Failure
M,298.3,308.69,1042.2,40.34,222.8,5.13,0,No Failure
L,298.7,309.01,1775.9,23.19,141.7,3.72,0,No Failure
L,297.82,306.3,1671.1,43.1,151.2,3.28,0,No Failure
L,298.43,305.8,1233.0,44.76,202.9,3.52,1,Heat Dissipation Failure
L,299.26,309.65,1431.7,45.9,71.2,3.95,0,No Failure
M,297.19,307.09,1812.4,13.48,85.0,4.08,1,Power Failure
L,300.03,309.52,1791.4,53.66,217.4,7.1,1,Tool Wear Failure
L,301.8,312.05,1702.3,32.62,216.2,5.77,0,No Failure
L,298.18,308.12,1507.2,46.87,234.4,5.73,0,No Failure
L,303.04,314.17,1552.5,47.41,216.4,5.9,0,No Failure
L,301.02,311.11,1515.1,31.23,30.6,3.3,0,No Failure
L,302.06,311.31,1735.4,46.6,197.7,3.03,0,No Failure
M,298.68,309.67,1384.7,36.15,98.4,3.17,0,No Failure
M,301.71,311.49,1397.0,19.29,237.8,6.1,1,Tool Wear Failure
M,297.82,308.34,1714.8,51.68,113.3,3.84,1,Power Failure
L,301.78,311.3,1530.2,32.25,132.9,3.0,0,No Failure
L,300.34,309.69,1779.2,31.46,127.1,3.98,0,No Failure
H,301.11,311.19,1420.5,35.97,77.2,4.21,0,No Failure
