Year,Present_Price,Driven_Kms,Fuel_Type,Transmission,Owner_Type,Segment,Engine_Size,Horsepower,Fuel_Efficiency_MPG,Selling_Price
2014,19665.1,127842,CNG,Automatic,Second,Economy,1.1,104,28.4,3016.97
2011,19164.45,197499,Diesel,Automatic,First,Economy,1.1,79,32.0,2760.66
2020,14567.98,52688,Petrol,Manual,First,Economy,1.5,83,27.4,7568.33
2022,14187.8,42486,Petrol,Automatic,Third,Economy,1.3,93,26.5,8852.59
2018,12394.36,55775,Petrol,Manual,First,Economy,1.4,67,29.1,3452.82
2015,24734.5,149239,Diesel,Automatic,First,Mid-Range,1.6,124,26.8,3619.11
2020,13538.06,67719,Diesel,Automatic,First,Economy,1.2,78,27.9,7231.26
2012,26166.7,93400,Petrol,Manual,First,Mid-Range,1.6,159,25.6,4441.61
2014,34750.11,210268,Petrol,Automatic,First,Mid-Range,1.7,137,32.0,5100.47
2017,46319.69,93487,Petrol,Manual,First,SUV,2.2,205,24.6,7530.76
2010,17414.98,144502,Diesel,Manual,First,Economy,1.3,69,25.3,2446.81
2014,46791.62,85407,Diesel,Manual,First,SUV,2.1,198,28.5,6671.44
2018,20455.31,75406,Petrol,Manual,First,Mid-Range,1.5,151,29.5,5323.71
2018,13740.7,81642,Petrol,Manual,First,Economy,1.4,83,27.2,3448.23
2015,33453.31,120345,Petrol,Automatic,First,SUV,2.1,226,23.7,4950.78
2012,89112.92,136202,Electric,Manual,Second,Luxury,2.8,303,23.7,12893.23
2011,14317.82,194293,Petrol,Automatic,First,Economy,1.3,70,28.7,2059.69
2015,15289.15,99934,Diesel,Manual,First,Economy,1.1,74,26.2,2426.21
2015,39333.58,67485,Diesel,Manual,First,SUV,2.6,167,26.9,6261.06
2010,51093.33,173591,Petrol,Automatic,First,SUV,2.3,228,23.8,8027.77
2013,12544.3,68264,Petrol,Manual,First,Economy,1.4,75,31.7,1930.94
2012,16047.41,159439,Petrol,Manual,First,Economy,1.2,76,32.0,2418.27
2009,32672.96,145691,Diesel,Automatic,Second,Mid-Range,1.9,152,24.4,4779.15
2015,24692.51,119973,Diesel,Manual,Second,Mid-Range,1.6,143,29.9,3527.36
2019,20147.41,86009,Diesel,Manual,First,Mid-Range,1.4,144,27.4,7934.24
2021,30400.66,30635,Petrol,Manual,Second,Mid-Range,1.6,123,24.1,15545.68
2013,32174.41,176336,Petrol,Automatic,First,Mid-Range,1.9,122,25.6,4586.32
2009,46540.37,168725,Electric,Automatic,First,SUV,2.2,186,25.9,7383.48
2023,13801.29,20619,Diesel,Automatic,First,Economy,1.3,104,28.2,13681.03
2019,19320.79,64485,Petrol,Automatic,First,Economy,1.3,89,28.5,8325.88
2012,43365.37,125336,Electric,Manual,Second,SUV,2.1,210,27.8,6864.67
2008,38675.53,236962,Diesel,Manual,First,SUV,2.2,188,25.3,5730.02
2019,28539.57,67233,Diesel,Automatic,First,Mid-Range,1.7,154,25.7,11965.73
2017,20767.48,73653,Diesel,Manual,Second,Mid-Range,1.8,134,28.3,3210.47
2013,14481.88,130621,Diesel,Manual,First,Economy,1.1,85,30.4,2234.11
2020,24842.15,60715,Diesel,Manual,First,Mid-Range,1.5,133,23.2,12892.96
2019,21999.26,85987,Petrol,Manual,First,Mid-Range,1.6,131,28.7,7754.55
2016,17660.96,53653,Petrol,Automatic,Second,Economy,1.5,100,29.0,2776.6
2008,18463.66,200768,CNG,Manual,Second,Economy,1.1,96,30.1,2633.05
2018,29658.62,90473,Petrol,Manual,First,Mid-Range,1.9,111,28.2,7168.63
2018,17171.26,84966,Petrol,Manual,First,Economy,1.4,88,27.4,4207.55
2022,20515.65,41443,Petrol,Automatic,First,Mid-Range,1.7,134,28.0,15457.64
2017,15480.12,94189,Petrol,Manual,Second,Economy,1.3,68,26.0,2195.71
2023,22001.25,20075,Diesel,Manual,First,Mid-Range,1.6,135,28.6,18399.32
2019,13306.84,72248,CNG,Automatic,First,Economy,1.3,97,32.0,5305.67
2019,49542.55,74647,Petrol,Automatic,Third,SUV,2.1,162,23.6,12244.96
2023,21600.68,16856,Petrol,Manual,First,Mid-Range,1.7,131,25.8,16790.64
2022,48563.72,41724,Petrol,Manual,First,SUV,2.5,219,22.3,34627.23
2021,34247.94,33659,Diesel,Manual,First,SUV,2.5,156,24.0,23635.26
2021,22034.92,44957,Diesel,Manual,Third,Mid-Range,1.4,119,26.6,10560.82
2022,19543.86,24015,Petrol,Manual,First,Economy,1.1,80,30.9,15391.4
2021,30655.27,53181,Diesel,Manual,First,Mid-Range,1.8,151,28.6,20476.16
2010,24126.48,35323,Diesel,Manual,First,Mid-Range,1.5,145,29.3,3759.7
2019,51953.45,77100,Diesel,Manual,First,SUV,2.5,177,20.2,20727.57
2014,33960.08,134082,CNG,Automatic,First,Mid-Range,1.6,120,29.8,5099.74
2011,17802.61,98089,Petrol,Automatic,First,Economy,1.0,93,32.0,2772.37
2023,19804.82,27000,Diesel,Automatic,Third,Economy,1.4,104,30.4,14321.96
2016,29694.65,117092,Petrol,Manual,First,Mid-Range,1.4,150,29.4,4034.94
2010,29752.81,202955,Diesel,Manual,First,Mid-Range,1.8,112,27.3,4572.71
2012,26586.96,61525,Diesel,Automatic,First,Mid-Range,2.0,155,28.1,3762.51
2010,32395.85,231247,Diesel,Manual,First,Mid-Range,1.4,125,32.0,4625.61
2014,58030.58,104473,Diesel,Manual,Second,Luxury,3.6,323,16.9,8704.68
2012,33928.33,182494,Petrol,Manual,First,Mid-Range,1.7,131,29.5,5065.04
2016,16202.55,127498,Petrol,Automatic,First,Economy,1.3,77,29.0,2258.79
2014,14880.48,108393,Electric,Automatic,First,Economy,1.0,104,30.2,2250.54
2009,17460.09,223445,CNG,Manual,First,Economy,1.2,79,26.5,2745.53
2011,14145.15,144622,Petrol,Manual,First,Economy,1.3,94,28.6,2002.07
2016,17244.08,58995,Petrol,Automatic,First,Economy,1.2,70,27.6,2751.18
2019,18957.57,84844,Petrol,Manual,Second,Economy,1.0,89,29.6,4862.36
2021,15674.43,43905,Diesel,Automatic,Third,Economy,1.4,83,26.5,8967.03
2009,18570.08,149687,Diesel,Automatic,First,Economy,1.0,92,29.6,2728.23
2017,48776.79,84735,Petrol,Automatic,Third,SUV,2.2,184,24.3,7369.79
2016,16404.57,111421,Petrol,Manual,First,Economy,1.4,75,28.9,2227.9
2017,33666.81,88980,Diesel,Manual,First,Mid-Range,1.5,111,25.0,6149.4
2012,20731.49,166706,Diesel,Manual,First,Mid-Range,1.9,147,23.6,3145.25
2009,73831.73,133366,Petrol,Automatic,First,Luxury,3.8,319,18.6,11027.05
2011,18053.17,139482,Diesel,Automatic,First,Economy,1.3,69,27.6,2631.74
2019,22823.48,62074,Petrol,Manual,First,Mid-Range,1.7,115,29.5,8382.28
2022,87328.91,47485,Petrol,Manual,First,Luxury,2.8,250,22.9,64864.16
2019,32980.09,68429,Diesel,Automatic,First,SUV,2.7,151,24.1,14794.05
2014,38534.78,159876,Diesel,Automatic,First,SUV,2.5,216,26.6,6225.51
2019,14193.7,65881,Diesel,Automatic,Second,Economy,1.2,89,29.0,5126.45
2020,17005.2,55373,Diesel,Manual,First,Economy,1.0,94,29.4,8709.56
2015,45504.62,112441,Diesel,Manual,First,SUV,2.5,209,25.5,7104.04
2022,61936.06,32110,Petrol,Automatic,First,Luxury,2.8,303,23.4,43335.16
2010,32879.0,203278,Petrol,Automatic,First,Mid-Range,1.5,142,27.9,4632.62
2021,22761.52,51555,Petrol,Manual,Second,Mid-Range,2.0,140,28.8,12440.68
2008,16630.05,217426,Petrol,Manual,First,Economy,1.1,98,29.6,2348.34
2011,46065.54,206814,Diesel,Manual,First,SUV,2.5,213,23.8,6281.36
2009,17980.17,141293,Electric,Manual,Second,Economy,1.4,67,28.7,2949.0
2015,29606.71,107402,Petrol,Manual,First,Mid-Range,1.9,121,24.6,4131.51
2011,20501.35,141599,Petrol,Automatic,First,Mid-Range,1.6,158,28.0,3103.51
2009,30683.3,201399,Diesel,Manual,First,Mid-Range,1.7,114,30.1,4618.39
2021,15954.97,37470,Petrol,Automatic,Second,Economy,1.1,74,30.9,7885.35
2013,13153.92,166516,Diesel,Manual,First,Economy,1.5,73,28.3,1946.72
2013,33676.78,114602,Diesel,Automatic,First,Mid-Range,1.9,133,26.1,5164.78
2017,13863.03,96632,Diesel,Automatic,First,Economy,1.1,91,30.7,3019.83
2011,28905.27,196081,Petrol,Manual,First,Mid-Range,1.5,143,29.7,4531.66
2013,15583.77,72820,Petrol,Manual,First,Economy,1.4,77,29.9,2292.28
2020,24383.73,85234,Diesel,Manual,First,Mid-Range,1.6,159,27.1,12316.08
2022,28468.91,26122,Diesel,Manual,First,Mid-Range,1.6,125,28.4,20853.63
2009,14125.48,95401,Petrol,Automatic,Third,Economy,1.1,102,31.0,1969.4
2017,29848.44,94384,Diesel,Automatic,Second,Mid-Range,1.9,111,24.4,4186.75
2019,19746.62,69148,Petrol,Manual,First,Economy,1.5,72,28.6,6900.65
2009,17414.56,190393,Diesel,Manual,Second,Economy,1.2,103,25.3,2744.05
2017,71705.43,118181,Petrol,Manual,First,Luxury,3.0,274,22.5,9941.29
2021,21569.91,46476,CNG,Automatic,First,Mid-Range,1.5,113,29.6,14086.36
2011,34827.67,171863,Petrol,Manual,First,SUV,2.3,214,26.1,5154.69
2021,13577.46,46701,Petrol,Manual,Second,Economy,1.1,91,29.3,7077.52
2022,50474.63,29154,Petrol,Automatic,Second,SUV,2.1,163,26.2,36933.29
2023,45116.42,27318,Petrol,Automatic,First,SUV,2.7,178,25.7,38268.1
2022,30240.07,28861,Diesel,Manual,Third,Mid-Range,1.7,142,30.2,18554.5
2015,20585.1,126280,Electric,Automatic,First,Mid-Range,1.8,120,26.8,3093.56
2021,28542.46,47082,Petrol,Manual,Second,Mid-Range,1.7,154,27.6,14828.45
2014,22454.24,157294,Petrol,Manual,Third,Mid-Range,1.9,160,28.7,3755.47
2019,108897.55,56170,Diesel,Automatic,First,Luxury,3.5,361,16.2,46745.15
2016,36872.3,58860,Diesel,Automatic,Second,SUV,2.8,205,21.8,5887.34
2021,97938.46,46232,Diesel,Manual,First,Luxury,3.7,259,21.0,64183.66
2015,17045.08,124809,Petrol,Manual,First,Economy,1.5,80,30.2,2495.46
2012,38207.42,209278,Petrol,Manual,First,SUV,2.3,185,25.4,6198.0
2023,106741.3,13047,Diesel,Manual,First,Luxury,3.6,409,15.8,84704.5
2020,17899.45,68644,Petrol,Manual,Third,Economy,1.1,100,30.0,5537.03
2009,14143.98,250000,Diesel,Manual,First,Economy,1.1,68,28.9,1993.4
2022,46421.09,36206,Petrol,Manual,First,SUV,2.7,201,23.5,33948.52
2012,20421.82,105297,Diesel,Automatic,Second,Mid-Range,1.6,145,26.2,2892.79
2015,34921.93,108828,Petrol,Automatic,Third,SUV,2.3,200,22.6,5351.72
2017,17218.25,96055,Diesel,Automatic,First,Economy,1.4,74,24.6,3662.88
2016,34149.01,114983,Petrol,Manual,Third,SUV,2.3,198,27.1,4999.58
2019,14157.04,60563,Diesel,Automatic,First,Economy,1.0,101,29.7,6600.17
2019,13691.45,96954,Petrol,Automatic,Second,Economy,1.4,105,29.0,4101.64
2019,19723.59,51460,Diesel,Automatic,First,Economy,1.1,92,30.0,8732.83
2020,47902.21,41416,Diesel,Automatic,First,SUV,2.7,190,20.7,31691.28
2016,51287.06,127349,Diesel,Automatic,First,SUV,2.1,228,23.0,7505.67
2020,21502.32,23669,Diesel,Manual,First,Mid-Range,1.5,121,26.2,10736.69
2022,25674.73,36364,Diesel,Manual,First,Mid-Range,1.6,150,26.4,18355.83
2020,51627.67,98432,Diesel,Automatic,First,SUV,2.1,177,26.3,24752.72
2008,22498.08,206326,Petrol,Automatic,First,Mid-Range,1.8,128,25.3,3514.11
2016,37629.55,79934,Diesel,Automatic,Second,SUV,2.8,216,25.9,5735.21
2014,21805.67,132455,Petrol,Manual,First,Mid-Range,1.4,108,30.8,3336.06
2016,27451.15,107531,Petrol,Manual,First,Mid-Range,1.7,156,29.0,4041.49
2015,30628.75,125315,Petrol,Manual,First,Mid-Range,1.9,130,26.2,4530.14
2008,25418.24,233187,Petrol,Automatic,First,Mid-Range,1.8,115,29.9,3742.02
2019,39230.8,51384,Diesel,Manual,Second,SUV,2.5,156,23.3,13610.15
2015,27118.0,167713,Diesel,Manual,Second,Mid-Range,1.7,160,27.3,4237.59
2015,18371.13,122236,Diesel,Manual,First,Economy,1.4,82,29.0,2801.98
2022,40218.85,37365,Petrol,Manual,First,SUV,2.5,221,25.2,29482.23
2018,26260.74,68493,Petrol,Automatic,Second,Mid-Range,1.8,140,28.2,6401.01
2010,20250.07,231371,Petrol,Automatic,First,Mid-Range,1.5,110,27.3,3171.84
2008,66632.87,187778,Petrol,Automatic,Second,Luxury,3.8,283,16.8,10138.93
2015,27590.67,118117,Petrol,Manual,First,Mid-Range,1.8,123,28.2,4212.86
2010,18812.65,142276,Petrol,Automatic,Second,Economy,1.1,103,31.5,2989.63
2010,96929.87,133906,Petrol,Manual,First,Luxury,3.8,313,17.1,14056.01
2008,20299.59,234690,Diesel,Automatic,First,Mid-Range,1.5,105,25.1,2914.65
2018,27770.23,67825,Diesel,Manual,Third,Mid-Range,1.8,130,26.5,3918.53
2012,17744.55,115306,Electric,Manual,First,Economy,1.0,82,31.7,2686.03
2017,36660.38,75682,CNG,Automatic,First,SUV,2.4,209,27.8,6957.89
2014,23161.45,152128,Diesel,Automatic,First,Mid-Range,1.9,137,24.1,3554.5
2017,32449.09,74080,Petrol,Manual,First,Mid-Range,1.5,140,27.4,5521.86
2016,49340.23,106992,Diesel,Automatic,First,SUV,2.3,171,23.9,7820.91
2019,41758.0,65021,Diesel,Manual,First,SUV,2.5,186,26.5,16625.29
2014,14869.94,67139,Petrol,Manual,First,Economy,1.1,90,30.0,2207.82
2016,27288.28,65053,Petrol,Manual,First,Mid-Range,2.0,131,24.2,4322.91
2015,18406.54,119261,Diesel,Manual,Second,Economy,1.3,102,30.3,2951.92
2019,43724.71,60978,Petrol,Manual,First,SUV,2.4,207,23.4,16338.67
2009,15711.49,240928,Diesel,Manual,First,Economy,1.2,73,27.2,2378.14
2008,25031.1,248391,Diesel,Manual,First,Mid-Range,1.5,155,26.5,3809.94
2023,44630.89,18604,Petrol,Automatic,First,SUV,2.8,193,25.9,39903.25
2014,39516.42,180302,Petrol,Manual,First,SUV,2.4,160,25.0,5849.64
2014,26703.11,125694,Petrol,Automatic,First,Mid-Range,1.5,139,28.5,4262.09
2021,35291.32,56246,Petrol,Manual,First,SUV,2.6,168,22.8,18934.57
2015,17683.37,97437,Petrol,Automatic,First,Economy,1.2,102,30.2,2596.65
2012,33684.26,243797,Diesel,Manual,First,SUV,2.3,191,25.2,5165.8
2010,14283.23,250000,Petrol,Manual,First,Economy,1.5,92,28.8,2191.46
2019,34487.55,66050,Petrol,Manual,First,Mid-Range,1.8,111,27.1,14018.93
2015,36909.09,126365,Petrol,Manual,First,SUV,2.1,202,27.3,5868.05
2013,17387.36,179783,CNG,Manual,First,Economy,1.4,96,28.7,2570.87
2018,12629.01,81734,Petrol,Automatic,First,Economy,1.3,101,27.2,4060.76
2010,51760.28,145585,Petrol,Automatic,Second,SUV,2.3,170,23.4,7486.85
2008,45694.5,245382,Diesel,Automatic,First,SUV,2.3,209,20.7,7173.2
2010,24219.27,174183,Diesel,Automatic,First,Mid-Range,1.5,118,32.0,3961.76
2012,32393.03,165004,Petrol,Manual,First,SUV,2.3,169,26.4,5154.12
2022,25123.56,23504,Diesel,Manual,First,Mid-Range,1.9,158,24.8,19240.22
2021,17442.01,34017,Petrol,Manual,First,Economy,1.2,65,29.0,10620.58
2010,22395.0,190441,Petrol,Manual,First,Mid-Range,1.9,113,25.2,3102.5
2008,12358.88,250000,Petrol,Manual,Second,Economy,1.4,90,31.8,1882.62
2012,75279.88,144084,Petrol,Manual,First,Luxury,3.4,296,16.9,10662.33
2017,26005.35,125621,Diesel,Manual,Third,Mid-Range,1.9,150,26.7,3746.11
2014,31577.54,105702,Petrol,Manual,First,Mid-Range,2.0,127,25.8,4454.62
2022,33616.42,22069,Petrol,Automatic,First,Mid-Range,1.7,154,29.0,25404.3
2021,100404.42,43155,Diesel,Automatic,First,Luxury,2.6,409,23.1,68000.45
2014,18440.95,121677,Diesel,Manual,First,Economy,1.4,73,25.2,2803.99
2018,34283.9,100626,Petrol,Automatic,First,Mid-Range,1.9,121,25.9,9286.28
2016,28063.72,80652,Diesel,Automatic,First,Mid-Range,1.4,113,26.8,4434.62
2022,20254.54,41868,Petrol,Manual,First,Mid-Range,1.7,140,27.5,14226.17
2022,13144.5,45946,Diesel,Manual,Third,Economy,1.5,67,31.1,7258.7
2017,50645.34,92173,Diesel,Manual,Second,SUV,2.0,195,22.5,7682.76
2017,55730.47,120852,CNG,Automatic,First,Luxury,3.5,388,17.6,9484.93
2019,27484.52,47663,Petrol,Automatic,First,Mid-Range,1.7,130,26.2,12374.22
2020,42064.41,70118,Petrol,Manual,First,SUV,2.1,205,24.8,19653.54
2010,63215.99,217719,Petrol,Manual,First,Luxury,3.6,327,20.3,8758.2
2022,49447.89,43403,Petrol,Manual,First,SUV,2.5,164,23.4,34620.95
2023,19698.7,23860,Petrol,Manual,First,Economy,1.3,71,30.0,16569.24
2014,29402.49,46015,CNG,Manual,First,Mid-Range,1.7,109,26.1,4324.9
2008,32267.33,163685,Petrol,Automatic,First,Mid-Range,1.6,149,28.3,4437.07
2011,26824.35,137296,Petrol,Automatic,Third,Mid-Range,2.0,133,27.6,3852.53
2020,42938.31,40801,Diesel,Automatic,First,SUV,2.6,161,21.8,26763.28
2023,77989.12,14512,Petrol,Automatic,Third,Luxury,3.3,256,21.7,60394.39
2011,60458.07,144811,Diesel,Automatic,First,Luxury,3.8,394,18.0,8666.68
2021,33121.49,39403,Petrol,Manual,First,Mid-Range,1.5,119,30.3,20976.73
2012,12809.32,110887,Petrol,Automatic,First,Economy,1.1,94,29.6,1808.17
2014,98390.27,107152,Petrol,Manual,First,Luxury,3.4,304,20.5,15794.82
2014,36713.65,167187,Petrol,Automatic,First,SUV,2.2,201,25.0,5574.57
2020,13014.41,51087,CNG,Manual,First,Economy,1.4,100,28.5,6798.4
2022,61991.08,28041,Petrol,Automatic,First,Luxury,3.8,347,18.4,43432.97
2018,46006.96,70622,Petrol,Manual,First,SUV,2.3,163,25.7,13092.65
2020,27592.1,59992,Petrol,Manual,First,Mid-Range,1.9,111,24.0,13460.04
2011,27702.77,178095,Petrol,Manual,First,Mid-Range,1.9,156,29.3,4332.42
2020,25912.86,21706,Diesel,Manual,First,Mid-Range,2.0,134,22.3,15282.11
2023,15775.22,21799,Petrol,Automatic,First,Economy,1.4,85,27.3,13830.38
2014,32479.12,176172,Diesel,Automatic,First,Mid-Range,1.7,152,27.2,4725.51
2018,41838.56,64932,Electric,Manual,First,SUV,2.3,177,25.5,14435.46
2010,18351.64,137100,Diesel,Manual,Third,Economy,1.3,75,32.0,2744.47
2013,21602.31,123876,CNG,Manual,First,Mid-Range,1.7,123,23.6,3098.94
2019,24576.5,53389,Petrol,Manual,Second,Mid-Range,1.5,157,27.2,7407.3
2009,24606.32,202167,Petrol,Manual,First,Mid-Range,1.5,130,24.0,3418.34
2017,84925.97,51446,Petrol,Automatic,First,Luxury,2.6,298,23.4,19718.59
2020,26709.54,39507,Diesel,Manual,First,Mid-Range,1.7,125,27.9,15291.4
2021,23873.4,54390,Electric,Manual,First,Mid-Range,2.0,126,29.2,15528.8
2016,47190.4,77873,Petrol,Manual,First,SUV,2.2,187,25.3,6891.06
2012,20317.25,200867,Diesel,Manual,Second,Mid-Range,1.5,144,30.3,3170.23
2013,14709.86,148703,Petrol,Manual,First,Economy,1.2,96,30.8,2114.64
2019,31129.93,41707,Diesel,Automatic,First,Mid-Range,1.7,116,26.5,15012.09
2019,13585.57,77400,Petrol,Manual,First,Economy,1.0,99,27.7,4942.74
2019,17781.47,67770,Electric,Manual,Third,Economy,1.4,79,29.3,4963.57
2019,21899.56,66571,Diesel,Manual,First,Mid-Range,1.6,155,24.8,8273.05
2011,21229.08,178834,Petrol,Manual,First,Mid-Range,1.5,132,30.8,3049.0
2021,108706.93,48136,Petrol,Manual,First,Luxury,2.8,410,22.1,60104.74
2021,28172.37,44568,Petrol,Automatic,Second,Mid-Range,1.6,156,30.2,15753.01
2018,29883.53,100752,Petrol,Automatic,Third,Mid-Range,1.6,144,26.8,4754.04
2023,30080.89,23105,Petrol,Manual,First,Mid-Range,2.0,120,26.5,24402.84
2017,12031.35,64363,Diesel,Manual,Second,Economy,1.0,70,30.9,1758.62
2014,47734.46,116258,Diesel,Manual,Second,SUV,2.8,214,22.3,7472.25
2019,13210.11,108149,Petrol,Manual,First,Economy,1.3,77,28.3,4595.32
2016,96597.06,123793,Petrol,Automatic,First,Luxury,2.9,308,22.7,14425.39
2014,12144.23,195453,Diesel,Automatic,First,Economy,1.3,68,27.3,1884.0
2021,33997.89,60316,Diesel,Manual,Third,Mid-Range,1.5,128,25.8,14720.37
2008,15731.0,210015,Petrol,Manual,First,Economy,1.3,97,31.6,2522.23
2008,103176.32,217696,Diesel,Manual,Second,Luxury,3.0,260,23.0,17139.17
2016,27683.91,97744,Petrol,Automatic,First,Mid-Range,1.9,114,26.6,4260.81
2018,34192.8,48022,Petrol,Automatic,Second,Mid-Range,1.7,139,30.7,8036.33
2021,12402.58,47328,Petrol,Manual,First,Economy,1.3,87,28.6,7272.5
2016,32649.42,130006,Petrol,Manual,First,SUV,2.1,165,28.2,5047.48
2011,13088.45,144953,Petrol,Automatic,Second,Economy,1.4,94,29.1,1921.89
2020,38023.51,63144,CNG,Manual,Second,SUV,2.7,162,20.8,16347.83
2016,14037.31,126076,Diesel,Manual,Second,Economy,1.1,80,32.0,2167.52
2010,19892.56,136390,Diesel,Manual,First,Economy,1.2,81,31.6,2878.48
2014,12422.61,114733,Petrol,Automatic,First,Economy,1.0,71,30.3,1866.4
2013,32546.6,108174,Petrol,Manual,First,Mid-Range,1.8,108,28.4,4663.81
2015,28423.92,93944,Diesel,Manual,First,Mid-Range,1.7,134,26.5,4224.66
2018,14550.54,59901,Petrol,Automatic,First,Economy,1.1,73,31.7,4641.92
2016,34326.63,82027,Petrol,Manual,First,SUV,2.5,167,19.0,5451.44
2021,32040.46,53405,Petrol,Manual,First,Mid-Range,2.0,106,24.0,21113.45
2012,22034.4,115824,Diesel,Manual,Third,Mid-Range,1.9,121,28.4,3068.64
2008,29642.1,200145,Petrol,Manual,First,Mid-Range,1.5,143,27.8,4018.75
2010,30378.91,152792,Petrol,Automatic,First,Mid-Range,1.9,157,26.9,4500.98
2017,32632.91,120492,Diesel,Manual,First,Mid-Range,1.5,118,25.6,4523.31
2019,17626.24,91992,Petrol,Manual,First,Economy,1.1,68,32.0,6176.54
2015,17202.04,135962,Petrol,Manual,First,Economy,1.2,102,32.0,2676.93
2022,37171.15,40304,Petrol,Automatic,Third,SUV,2.1,226,25.1,23634.7
2018,57817.34,76372,Petrol,Automatic,Second,Luxury,3.0,312,20.7,13335.75
2013,26014.55,106589,Diesel,Manual,Second,Mid-Range,1.7,112,29.4,3864.5
2023,18425.36,29019,Petrol,Manual,Third,Economy,1.2,96,32.0,11043.76
2023,25600.3,21113,Petrol,Automatic,First,Mid-Range,1.5,125,30.2,22420.99
2015,30608.42,129024,Diesel,Manual,First,Mid-Range,1.5,149,32.0,4607.63
2016,12846.44,126289,Diesel,Automatic,First,Economy,1.1,80,28.2,1988.53
2011,19887.47,136459,Diesel,Automatic,First,Economy,1.3,70,27.5,2877.45
2008,43571.28,250000,Petrol,Automatic,First,SUV,2.6,181,20.9,6393.52
2021,35489.97,49356,Petrol,Manual,First,SUV,2.7,194,23.7,19745.75
2008,17153.7,250000,Electric,Manual,First,Economy,1.2,99,30.0,2278.27
2017,19151.78,80550,Diesel,Automatic,First,Economy,1.3,100,28.8,4221.19
2011,16353.01,118503,Petrol,Manual,First,Economy,1.5,69,29.9,2260.35
2019,44134.32,56117,Petrol,Manual,First,SUV,2.6,211,25.8,17621.52
2021,17760.89,42134,Petrol,Automatic,First,Economy,1.1,97,27.0,11235.79
2014,13391.82,128178,CNG,Automatic,First,Economy,1.0,84,29.3,1954.71
2009,40006.6,169606,Petrol,Manual,First,SUV,2.3,151,26.3,5705.62
2010,17307.92,94347,Petrol,Manual,Second,Economy,1.3,90,28.2,2176.57
2008,34409.64,226511,Petrol,Manual,First,SUV,2.7,167,21.3,5550.7
2012,19798.08,218265,Diesel,Automatic,First,Economy,1.4,71,30.7,2821.19
2008,19851.37,220850,Diesel,Automatic,Second,Economy,1.4,85,26.1,2916.3
2015,17105.8,137331,Petrol,Manual,First,Economy,1.0,77,29.9,2379.22
2008,33312.52,222346,Diesel,Manual,First,SUV,2.3,224,25.3,5239.71
2018,45054.56,93397,Electric,Automatic,First,SUV,2.4,197,23.1,15334.18
2008,48873.61,250000,Petrol,Manual,First,SUV,2.2,179,26.7,7028.14
2009,28439.83,200943,Petrol,Manual,Second,Mid-Range,1.5,150,27.1,4182.31
2009,36150.23,171716,Petrol,Automatic,Second,SUV,2.6,207,26.1,5877.53
2019,15456.93,54901,Diesel,Manual,First,Economy,1.3,100,28.9,6531.66
2013,13142.29,135877,Diesel,Automatic,First,Economy,1.5,83,29.6,1953.43
2014,38394.42,139171,Diesel,Manual,First,SUV,2.3,226,26.1,5488.08
2012,14801.49,142998,Diesel,Manual,First,Economy,1.4,100,27.4,2009.9
2023,14492.1,24791,Petrol,Automatic,First,Economy,1.0,94,26.4,12510.84
2008,15882.13,216613,CNG,Manual,First,Economy,1.4,83,29.4,2421.09
2008,15545.02,244824,Petrol,Automatic,First,Economy,1.4,80,28.8,2459.95
2010,16207.57,233050,Petrol,Manual,First,Economy,1.2,80,30.7,2157.82
2021,27863.82,46208,Diesel,Manual,First,Mid-Range,1.9,125,26.0,16686.36
2009,24162.84,134717,Diesel,Manual,First,Mid-Range,1.8,120,26.0,3519.18
2012,43543.73,142680,Petrol,Manual,First,SUV,2.7,208,26.9,6530.42
2019,44362.06,65283,Diesel,Manual,Second,SUV,2.5,152,20.8,14606.44
2017,25391.36,53036,CNG,Manual,First,Mid-Range,1.7,135,28.8,4955.43
2023,19605.96,24589,Petrol,Manual,First,Economy,1.0,73,29.4,16614.86
2013,20790.65,139416,Electric,Manual,Third,Mid-Range,1.6,131,27.1,2977.75
2023,28071.42,27554,Petrol,Automatic,First,Mid-Range,1.4,144,28.1,25472.77
2014,17958.01,164637,Petrol,Automatic,First,Economy,1.3,75,27.5,2752.08
2011,26910.68,142491,Petrol,Automatic,First,Mid-Range,1.5,115,29.4,3972.05
2014,29678.56,145802,Diesel,Manual,First,Mid-Range,1.6,119,30.6,4808.13
2018,26265.63,72356,Diesel,Manual,First,Mid-Range,1.8,150,27.8,8582.71
2015,34700.08,117051,Petrol,Automatic,First,Mid-Range,1.4,120,28.9,5447.8
2018,12058.86,71174,Petrol,Manual,First,Economy,1.3,93,27.2,2811.5
2008,86307.66,250000,Diesel,Manual,Second,Luxury,3.3,247,21.2,13968.21
2022,42811.05,26723,Petrol,Automatic,First,SUV,2.7,227,27.2,34182.42
2013,17388.88,158663,Diesel,Automatic,First,Economy,1.2,103,28.8,2870.0
2015,36804.9,64099,Diesel,Manual,Second,SUV,2.1,187,24.8,5862.32
2012,28732.17,191800,Petrol,Manual,First,Mid-Range,1.7,130,26.2,4649.94
2011,42074.39,205623,Electric,Automatic,Second,SUV,2.3,163,23.7,6588.43
2009,38767.36,198948,Petrol,Manual,First,SUV,2.7,203,17.4,6207.24
2013,23140.23,133985,Electric,Automatic,Second,Mid-Range,2.0,155,26.8,3817.12
2013,18620.88,158769,Diesel,Automatic,First,Economy,1.0,95,28.8,2823.38
2018,16804.28,123660,Diesel,Automatic,Second,Economy,1.5,101,25.0,3121.55
2022,23699.85,21599,Petrol,Manual,Second,Mid-Range,1.7,107,28.9,15263.32
2023,28358.78,27456,Diesel,Manual,First,Mid-Range,1.7,140,25.2,24778.85
2023,16519.62,17393,Petrol,Automatic,First,Economy,1.4,76,28.0,14577.25
2008,18001.29,204336,Petrol,Automatic,First,Economy,1.0,82,32.0,2531.9
2016,37557.82,95841,Petrol,Automatic,First,SUV,2.6,229,20.5,5174.23
2019,79233.17,57250,Diesel,Manual,First,Luxury,3.2,299,17.5,32143.9
2018,33236.62,84931,Petrol,Manual,First,Mid-Range,1.9,143,27.0,8924.23
2013,12478.1,104209,Diesel,Automatic,First,Economy,1.1,100,32.0,2019.61
2023,14516.7,28646,Diesel,Automatic,First,Economy,1.4,78,25.6,13597.35
2020,12382.25,40662,Petrol,Automatic,First,Economy,1.3,103,30.0,7186.02
2010,76783.0,193367,Diesel,Automatic,First,Luxury,3.0,394,22.7,11470.91
2011,15084.42,151778,Petrol,Manual,First,Economy,1.1,82,25.9,2065.58
2019,27576.73,49311,Diesel,Automatic,First,Mid-Range,1.9,147,28.0,12688.34
2018,12465.9,85779,Diesel,Automatic,First,Economy,1.5,84,30.0,4024.41
2011,22353.54,107596,Petrol,Manual,First,Mid-Range,1.6,129,27.2,3269.7
2010,37365.74,175316,Diesel,Automatic,First,SUV,2.8,211,24.9,5620.19
2017,50825.58,63358,Petrol,Manual,First,SUV,2.5,208,26.0,9556.77
2010,18197.22,198587,Petrol,Manual,First,Economy,1.4,86,28.9,2846.0
2022,12917.94,22201,Diesel,Automatic,Second,Economy,1.3,87,28.2,9214.36
2010,14150.89,161641,Petrol,Manual,First,Economy,1.1,86,28.1,1920.58
2011,56786.76,177343,Petrol,Manual,First,Luxury,2.5,370,23.7,8312.36
2023,51376.29,24026,Petrol,Manual,First,SUV,2.5,193,24.9,42795.7
2014,28275.32,124675,Diesel,Manual,Second,Mid-Range,1.7,108,26.7,4500.61
2011,26455.15,100367,Petrol,Manual,Third,Mid-Range,1.9,160,22.1,3855.61
2016,35824.84,119726,Petrol,Manual,First,SUV,2.3,223,27.2,5511.44
2008,12328.66,250000,Diesel,Automatic,First,Economy,1.3,81,29.5,1876.12
2015,92735.01,197993,Diesel,Manual,Second,Luxury,3.0,288,20.7,13940.78
2023,32171.99,14776,Petrol,Manual,First,Mid-Range,2.0,120,27.7,28358.22
2014,21058.25,155442,Petrol,Manual,First,Mid-Range,1.4,135,31.7,3054.37
2009,29869.25,108698,Petrol,Automatic,First,Mid-Range,2.0,147,20.4,4351.53
2015,19751.56,155366,Petrol,Manual,First,Economy,1.4,91,29.6,2960.97
2008,16137.06,232115,Petrol,Automatic,Third,Economy,1.4,102,25.8,2343.08
2018,34537.46,73377,Diesel,Automatic,Third,SUV,2.1,192,26.5,6443.63
2019,16980.6,88166,Diesel,Automatic,Second,Economy,1.3,84,29.4,5636.32
2016,27369.96,95544,Diesel,Manual,First,Mid-Range,1.4,116,30.0,4151.95
2016,15394.98,98840,Petrol,Automatic,Second,Economy,1.5,80,27.3,2297.68
2009,24483.89,207344,Diesel,Manual,First,Mid-Range,1.8,138,23.2,3712.05
2014,19728.17,95946,Petrol,Automatic,First,Economy,1.2,74,28.7,2891.2
2022,20387.58,39199,Electric,Automatic,Second,Mid-Range,1.5,125,29.1,14489.53
2021,36023.5,29799,Diesel,Manual,First,SUV,2.2,212,27.1,23681.2
2017,12079.75,76067,Petrol,Manual,First,Economy,1.0,84,28.2,2058.68
2010,31572.1,136662,Diesel,Manual,First,Mid-Range,1.5,149,30.3,4734.82
2014,30247.63,145835,Petrol,Automatic,Second,Mid-Range,1.9,152,25.2,4924.02
2019,48910.22,57783,Diesel,Manual,First,SUV,2.0,213,26.7,19555.39
2023,67809.6,17759,Petrol,Manual,First,Luxury,3.7,332,17.3,56688.61
2017,51615.22,79958,Petrol,Manual,First,SUV,2.7,208,23.2,7801.26
2023,13694.39,22933,Diesel,Automatic,Second,Economy,1.1,74,31.8,11472.91
2016,12533.28,70378,Petrol,Automatic,Second,Economy,1.4,72,26.2,1775.16
2011,18681.95,116783,Diesel,Automatic,First,Economy,1.5,66,26.9,2763.3
2019,28319.31,104319,Petrol,Automatic,First,Mid-Range,1.6,151,28.2,10417.1
2008,12072.79,153731,Diesel,Manual,First,Economy,1.5,102,32.0,1836.35
2009,30039.73,178584,Diesel,Manual,Third,Mid-Range,1.4,119,27.0,4381.42
2008,29104.6,177567,Petrol,Automatic,First,Mid-Range,1.9,130,30.5,4235.74
2023,34509.92,23584,Petrol,Manual,Third,Mid-Range,1.5,149,32.0,24844.46
2021,33722.32,48282,Petrol,Manual,First,SUV,2.2,190,24.9,20591.79
2019,13155.49,84181,Petrol,Manual,Second,Economy,1.3,85,28.6,3567.2
2012,16174.65,136973,Petrol,Manual,Second,Economy,1.2,78,28.2,2395.77
2012,47220.12,102347,Diesel,Manual,First,SUV,2.5,151,23.6,7665.72
2023,20794.04,20631,CNG,Automatic,Third,Mid-Range,1.8,125,24.1,14697.91
2018,36803.03,73946,Diesel,Manual,First,SUV,2.6,226,23.1,10705.34
2014,28654.04,177971,Diesel,Manual,First,Mid-Range,1.6,115,30.8,4150.9
2016,17576.1,50793,Diesel,Manual,First,Economy,1.1,79,28.8,2564.03
2016,40404.99,110344,Diesel,Automatic,Second,SUV,2.4,181,23.7,5880.59
2010,33570.2,250000,Petrol,Manual,First,SUV,2.4,150,20.8,4713.34
2010,46136.07,163694,CNG,Automatic,First,SUV,2.7,156,23.6,6531.41
2023,14963.93,21237,Diesel,Automatic,First,Economy,1.5,76,28.8,12973.86
2023,34128.58,20240,Diesel,Manual,First,Mid-Range,1.7,153,27.5,30419.43
2010,30037.31,152690,Petrol,Automatic,First,Mid-Range,1.8,110,26.5,4419.71
2011,12393.19,151218,Petrol,Automatic,First,Economy,1.2,84,29.0,1839.72
2015,79967.74,111827,Petrol,Automatic,Second,Luxury,2.8,382,23.4,12756.91
2013,18835.2,116285,Diesel,Automatic,First,Economy,1.2,80,29.5,3008.22
2015,61462.6,143253,Petrol,Manual,First,Luxury,3.6,289,19.4,9089.34
2008,28723.83,224599,Petrol,Manual,First,Mid-Range,1.6,156,28.2,4172.67
2015,14928.23,119399,Electric,Manual,First,Economy,1.3,89,31.4,2142.45
2011,21751.22,201106,Petrol,Manual,Second,Mid-Range,1.9,134,27.8,3375.7
2018,50731.4,80409,Petrol,Automatic,Second,SUV,2.1,193,25.9,11222.88
2008,47281.91,157836,Petrol,Manual,First,SUV,2.2,220,28.1,6955.23
2015,34036.95,95112,Diesel,Automatic,Second,SUV,2.2,153,25.9,4897.83
2011,39425.42,164507,CNG,Automatic,Second,SUV,2.6,166,25.9,5686.23
2013,34264.62,106966,Petrol,Automatic,Second,SUV,2.4,208,25.4,5221.94
2015,42816.54,100067,Diesel,Automatic,First,SUV,2.3,189,21.0,6000.06
2011,18462.65,147190,Petrol,Manual,Third,Economy,1.4,72,31.3,2907.16
2021,30492.92,64855,CNG,Manual,First,Mid-Range,1.8,136,27.2,17278.34
2010,17326.12,57722,Diesel,Manual,First,Economy,1.2,71,29.5,2579.47
2023,73589.93,13791,Diesel,Manual,First,Luxury,3.3,355,20.7,59980.32
2021,59697.14,63283,Petrol,Manual,First,Luxury,3.9,346,16.8,34845.18
2016,18353.08,103716,Electric,Manual,First,Economy,1.2,95,30.1,2707.77
2010,37353.37,212492,Diesel,Automatic,First,SUV,2.4,222,23.0,5588.98
2016,104294.12,105860,Petrol,Manual,First,Luxury,3.1,402,23.6,16795.3
2020,12710.19,49494,Diesel,Manual,Second,Economy,1.3,99,28.9,5778.19
2009,22674.97,92462,Petrol,Automatic,Second,Mid-Range,1.9,123,25.7,3266.1
2023,68815.56,25843,Diesel,Manual,First,Luxury,2.9,315,20.1,57009.4
2021,14369.41,35849,Petrol,Manual,Second,Economy,1.2,70,30.1,7945.71
2009,38934.38,148700,Diesel,Automatic,Second,SUV,2.5,185,24.1,6219.39
2009,18054.31,169622,Petrol,Automatic,Second,Economy,1.4,101,29.5,2746.32
2013,63358.91,197210,Petrol,Automatic,First,Luxury,3.0,374,19.4,9831.11
2010,99423.63,250000,Petrol,Manual,First,Luxury,2.7,302,19.6,15368.21
2023,62244.02,26409,Petrol,Automatic,Third,Luxury,2.9,251,23.2,47216.2
2020,23798.02,46998,Petrol,Automatic,First,Mid-Range,1.9,140,29.4,11675.6
2016,45108.72,70082,Petrol,Manual,First,SUV,2.4,192,22.1,6992.04
2011,38187.37,176537,Diesel,Automatic,First,SUV,2.2,219,28.3,6009.85
2008,25589.86,250000,Petrol,Automatic,First,Mid-Range,1.8,106,27.5,3581.55
2011,33454.73,156956,Petrol,Manual,First,SUV,2.3,193,24.6,4795.99
2008,17416.3,83852,Diesel,Manual,First,Economy,1.4,74,27.9,2501.31
2021,31113.25,48191,Petrol,Automatic,First,Mid-Range,1.9,136,23.7,19251.96
2012,18470.87,185888,CNG,Automatic,Second,Economy,1.3,79,31.1,2703.9
2023,17963.18,18085,Diesel,Manual,Second,Economy,1.1,88,28.5,14332.11
2011,15674.77,165639,Diesel,Automatic,First,Economy,1.2,77,28.0,2452.98
2015,42901.67,134262,Diesel,Manual,Third,SUV,2.7,224,24.8,6783.18
2023,21478.2,16673,Diesel,Manual,First,Mid-Range,1.8,155,23.1,17903.1
2015,48474.89,101645,Petrol,Manual,First,SUV,2.2,207,22.1,6964.13
2014,12714.72,154708,Petrol,Automatic,Second,Economy,1.4,82,28.7,2032.69
2010,24367.95,163088,Petrol,Automatic,Second,Mid-Range,1.7,118,27.9,3773.39
2008,32413.72,125615,Diesel,Manual,Third,Mid-Range,1.9,109,27.4,4882.2
2023,33793.04,8903,Petrol,Manual,First,SUV,2.3,198,24.0,29380.24
2008,34423.16,250000,Diesel,Manual,Second,Mid-Range,1.6,110,32.0,5155.78
2023,23354.04,27014,Electric,Automatic,First,Mid-Range,1.9,130,26.0,21991.35
2019,35219.69,68566,Diesel,Automatic,Second,SUV,2.7,178,22.4,12733.39
2018,20057.45,75206,Petrol,Automatic,Second,Mid-Range,1.7,157,25.8,4670.19
2010,13368.69,155024,Petrol,Automatic,First,Economy,1.1,103,30.3,1853.85
2013,18894.75,109589,Diesel,Automatic,First,Economy,1.1,88,31.3,2736.75
2014,45583.43,113152,Diesel,Manual,Second,SUV,2.4,230,26.6,6606.06
2013,15263.15,70845,Petrol,Manual,First,Economy,1.0,105,27.5,2246.61
2021,38086.15,37685,Petrol,Manual,First,SUV,2.2,195,24.6,22329.83
2021,26743.75,39802,CNG,Automatic,Second,Mid-Range,1.5,105,29.1,14895.52
2013,109956.4,165715,Diesel,Automatic,First,Luxury,3.8,343,19.1,15244.56
2013,35194.99,134839,Diesel,Manual,Second,SUV,2.2,172,25.1,5424.08
2020,98606.2,61483,Diesel,Automatic,First,Luxury,2.7,291,23.9,54620.5
2010,23484.34,234163,Diesel,Manual,First,Mid-Range,1.9,159,24.8,3222.31
2013,34256.81,177467,Petrol,Manual,Second,SUV,2.7,176,26.0,4924.03
2015,22470.96,125234,Petrol,Automatic,First,Mid-Range,1.9,140,28.4,3427.37
2018,31051.92,79293,Petrol,Automatic,First,Mid-Range,1.7,121,24.7,9209.11
2018,20821.17,68651,Petrol,Automatic,Second,Mid-Range,1.7,159,25.2,4775.1
2009,42062.67,218504,Diesel,Manual,First,SUV,2.3,189,22.6,6285.87
2012,103111.09,215160,Diesel,Manual,First,Luxury,3.0,371,22.9,15732.38
2021,49011.6,50701,Diesel,Automatic,First,SUV,2.8,214,19.8,30441.17
2008,24552.56,250000,Petrol,Manual,Second,Mid-Range,1.7,150,26.7,3784.19
2019,27010.81,51304,Diesel,Manual,Second,Mid-Range,1.6,122,28.7,9034.92
2022,38256.89,28652,Diesel,Automatic,Second,SUV,2.2,227,25.0,27352.76
2023,12456.79,22519,Diesel,Manual,First,Economy,1.0,86,31.0,10730.89
2008,15714.8,214087,Diesel,Automatic,Second,Economy,1.1,74,27.9,2295.1
2012,31092.12,202300,Petrol,Automatic,First,Mid-Range,1.7,149,28.5,4425.11
2019,14531.75,69466,Petrol,Manual,First,Economy,1.2,78,28.4,5395.07
2020,12102.57,51007,Petrol,Manual,First,Economy,1.4,67,28.1,6527.24
2023,13047.05,17999,Petrol,Automatic,Second,Economy,1.4,84,29.2,9707.57
2010,18876.02,109526,Petrol,Automatic,Second,Economy,1.1,102,30.3,3070.98
2011,16162.59,116765,Diesel,Automatic,First,Economy,1.4,84,28.7,2392.91
2010,66839.8,211334,CNG,Automatic,First,Luxury,4.0,414,15.5,10043.7
2023,23203.06,17178,Diesel,Automatic,Second,Mid-Range,1.9,116,25.9,18198.65
2008,33973.17,222735,Diesel,Automatic,First,Mid-Range,1.8,127,26.9,4899.46
2023,50370.43,17656,Petrol,Manual,Third,SUV,2.1,191,22.8,33332.32
2008,14933.1,185384,Diesel,Manual,First,Economy,1.5,71,27.3,2122.85
2019,108241.22,51615,Petrol,Manual,First,Luxury,3.4,269,20.5,42636.64
2019,34423.11,90688,Petrol,Manual,First,SUV,2.7,163,20.3,11842.5
2021,13548.99,38990,Petrol,Manual,First,Economy,1.0,101,32.0,9077.26
2020,28985.17,48286,Petrol,Manual,Third,Mid-Range,1.6,130,30.3,9336.57
2021,50629.81,42941,Petrol,Automatic,First,SUV,2.1,168,23.1,33000.53
2012,56067.07,135002,Petrol,Manual,Second,Luxury,3.9,381,20.2,8514.28
2013,24127.85,192046,Petrol,Manual,First,Mid-Range,1.6,140,27.5,3425.49
2010,21078.6,142481,Electric,Manual,First,Mid-Range,1.9,140,27.3,3270.37
2019,12621.7,48345,Petrol,Manual,First,Economy,1.5,103,27.3,4972.7
2016,76606.15,53259,Petrol,Manual,First,Luxury,3.3,295,22.0,10058.93
2012,19663.83,146684,Petrol,Manual,Third,Economy,1.1,88,30.9,3046.89
2015,89100.07,102514,Diesel,Manual,First,Luxury,3.3,255,18.5,12618.61
2020,26520.17,36945,Petrol,Automatic,First,Mid-Range,1.6,152,25.5,13964.34
2008,31531.46,250000,Petrol,Automatic,First,Mid-Range,1.5,116,25.3,4892.4
2021,23088.31,56338,Petrol,Automatic,First,Mid-Range,1.6,147,28.2,14347.47
2012,19545.57,153324,Petrol,Automatic,First,Economy,1.2,84,30.7,3066.37
2022,14865.75,45586,Petrol,Manual,Second,Economy,1.5,73,29.6,9857.96
2010,15684.66,206615,Petrol,Automatic,First,Economy,1.1,85,29.8,2276.83
2019,15068.54,54298,Petrol,Automatic,First,Economy,1.5,102,25.9,6812.33
2008,48134.16,150782,Petrol,Manual,First,SUV,2.4,222,22.8,6947.4
2011,26326.61,198686,Petrol,Automatic,Third,Mid-Range,1.4,123,31.0,4389.92
2022,12302.28,40861,Diesel,Manual,First,Economy,1.1,73,29.1,8799.75
2020,57879.09,55335,Diesel,Automatic,First,Luxury,3.5,287,19.5,34294.12
2012,49029.78,126901,Petrol,Automatic,First,SUV,2.2,214,22.9,7664.75
2023,108781.95,27837,Petrol,Manual,First,Luxury,3.2,315,21.3,91339.79
2014,71052.69,108050,CNG,Automatic,First,Luxury,2.8,279,21.5,10300.57
2008,19286.67,201211,Petrol,Automatic,First,Economy,1.1,80,32.0,2871.1
2023,34016.16,23513,Petrol,Automatic,Second,Mid-Range,1.8,128,28.4,24033.29
2010,43317.77,154634,Diesel,Manual,First,SUV,2.0,167,25.0,6570.58
2023,40060.78,18417,Petrol,Automatic,Second,SUV,2.5,153,23.5,32523.24
2009,17105.12,135181,Petrol,Manual,First,Economy,1.3,93,28.0,2582.89
2016,40542.25,133653,Petrol,Manual,First,SUV,2.3,157,21.8,5177.25
2017,15801.37,97648,Diesel,Manual,First,Economy,1.1,103,28.3,2558.02
2022,15983.59,31211,Petrol,Automatic,First,Economy,1.2,96,30.0,11732.34
2013,33007.28,124564,Diesel,Automatic,Second,Mid-Range,1.6,150,28.5,5023.29
2017,28494.84,98135,Electric,Automatic,First,Mid-Range,1.8,108,27.2,6713.32
2010,23430.06,140437,Petrol,Automatic,First,Mid-Range,1.9,113,25.8,3484.6
2015,18021.82,129058,Petrol,Manual,First,Economy,1.4,66,30.6,2789.14
2021,32141.93,31620,Petrol,Manual,Third,SUV,2.4,186,24.3,14089.32
2015,16326.13,89311,Petrol,Manual,First,Economy,1.4,79,30.1,2523.64
2009,19647.84,153345,Petrol,Manual,Third,Economy,1.3,93,25.6,3017.13
2023,51074.07,18278,CNG,Manual,First,SUV,2.4,182,16.4,43611.49
2022,61955.53,35175,Diesel,Manual,First,Luxury,3.5,294,19.8,45908.03
2013,45209.39,152154,Diesel,Manual,First,SUV,2.7,179,20.0,7402.16
2014,44033.73,23637,Petrol,Manual,First,SUV,2.4,166,23.8,6767.94
2009,42932.3,153566,Diesel,Manual,First,SUV,2.0,183,25.4,6128.05
2022,32418.87,26961,CNG,Manual,First,Mid-Range,1.7,146,30.5,23882.36
2018,13553.03,113105,Diesel,Automatic,Second,Economy,1.4,67,29.5,3013.32
2017,32524.35,73399,Petrol,Automatic,Second,Mid-Range,1.7,156,27.7,4735.19
2009,26441.72,196793,Diesel,Automatic,Second,Mid-Range,1.9,122,28.1,4182.27
2017,12248.55,126439,Petrol,Manual,First,Economy,1.2,71,30.3,1872.38
2008,36798.98,142994,Petrol,Manual,First,SUV,2.8,169,21.5,4873.34
2015,28696.06,129898,Petrol,Automatic,First,Mid-Range,1.5,156,30.4,4368.9
2008,14764.96,160280,Diesel,Manual,Second,Economy,1.3,101,26.9,2169.78
2016,13494.18,95158,Diesel,Manual,Third,Economy,1.3,67,29.8,2078.49
2018,39012.85,60068,Petrol,Manual,First,SUV,2.7,211,19.8,11762.81
2013,12001.93,114872,Petrol,Manual,First,Economy,1.2,86,30.0,1817.86
2023,37009.66,27448,Petrol,Manual,First,SUV,2.2,167,25.5,33157.91
2014,22872.82,149503,Petrol,Manual,First,Mid-Range,1.9,120,29.8,3400.27
2020,23620.25,63521,Petrol,Automatic,First,Mid-Range,1.7,153,24.2,12758.19
2017,31214.78,98066,Petrol,Manual,First,Mid-Range,1.4,125,27.5,4870.66
2014,51191.84,82322,Diesel,Manual,Second,SUV,2.4,215,25.8,7641.4
2017,27400.12,104724,Petrol,Automatic,First,Mid-Range,1.9,138,27.1,4962.69
2010,39669.62,227910,Petrol,Manual,First,SUV,2.0,229,26.4,5773.51
2009,24264.32,148100,Petrol,Manual,Third,Mid-Range,1.5,142,26.3,3562.75
2016,15565.84,128960,CNG,Automatic,First,Economy,1.3,88,28.0,2181.65
2015,40972.65,141200,Diesel,Manual,First,SUV,2.7,171,25.3,6220.08
2020,47679.44,74396,Diesel,Manual,First,SUV,2.4,203,24.1,24262.54
2019,35012.22,65063,Petrol,Manual,First,SUV,2.3,202,25.4,14160.48
2017,46590.43,72765,Diesel,Manual,First,SUV,2.7,181,22.6,9816.58
2014,41741.65,112308,Petrol,Manual,Second,SUV,2.0,166,23.6,6172.09
2016,50597.41,143650,Diesel,Automatic,First,SUV,2.7,192,24.7,7142.52
2011,34394.94,97263,CNG,Manual,First,SUV,2.4,189,25.2,5270.9
2020,49992.25,25614,Diesel,Manual,First,SUV,2.6,170,27.9,29511.59
2011,42404.61,162671,Diesel,Manual,First,SUV,2.7,225,20.8,6600.87
2008,21965.22,173394,Diesel,Manual,Second,Mid-Range,1.8,148,28.5,3473.44
2015,41951.32,114560,Petrol,Automatic,Second,SUV,2.5,153,21.1,6226.03
2023,14920.38,23457,CNG,Manual,First,Economy,1.1,72,30.4,12121.97
2021,33488.57,39947,Petrol,Manual,Second,SUV,2.3,200,26.6,17161.54
2023,43479.5,11861,Petrol,Manual,First,SUV,2.4,165,20.1,36670.74
2021,17906.36,68251,Petrol,Manual,Third,Economy,1.3,87,28.7,7457.21
2019,40655.34,51829,Petrol,Manual,First,SUV,2.3,211,23.5,16340.03
2010,12146.87,126113,Petrol,Automatic,Third,Economy,1.2,91,28.2,1810.25
2014,24647.71,159015,Petrol,Manual,Second,Mid-Range,1.8,139,27.7,3672.45
2022,50464.47,30597,Petrol,Manual,First,SUV,2.1,157,27.8,35082.65
2019,14853.79,66356,Diesel,Manual,First,Economy,1.3,70,28.9,6382.58
2009,32873.22,207286,Petrol,Automatic,Third,SUV,2.5,217,24.2,4949.85
2009,32183.31,232468,Petrol,Manual,Second,SUV,2.2,221,25.3,4785.39
2023,29201.03,23649,Diesel,Automatic,First,Mid-Range,1.5,158,28.3,25344.34
2014,12225.53,180548,Petrol,Automatic,Second,Economy,1.1,68,27.9,1711.7
2022,15327.31,17469,Diesel,Automatic,First,Economy,1.1,100,32.0,13211.33
2013,26120.61,164034,Diesel,Manual,First,Mid-Range,1.8,156,27.5,4026.75
2010,104944.6,142774,Diesel,Manual,First,Luxury,2.8,333,23.2,14463.53
2016,30388.59,140274,Diesel,Automatic,First,Mid-Range,1.9,109,24.8,4732.22
2017,12979.85,94079,Petrol,Automatic,Second,Economy,1.3,101,28.2,2036.78
2022,26150.36,33727,Diesel,Automatic,First,Mid-Range,1.7,153,27.0,20774.83
2021,24172.15,51246,Petrol,Manual,Second,Mid-Range,1.7,109,24.3,13534.86
2020,37653.35,66573,Petrol,Manual,First,SUV,2.3,226,21.3,18273.73
2013,13297.47,163589,Diesel,Manual,First,Economy,1.2,92,28.4,1853.32
2017,49337.1,76763,Petrol,Automatic,First,SUV,2.4,209,25.2,10443.68
2017,21894.25,86165,Diesel,Manual,First,Mid-Range,1.8,142,25.6,4135.54
2013,97607.01,134386,Diesel,Manual,First,Luxury,3.9,264,15.4,14199.41
2008,30799.39,196340,Diesel,Automatic,First,Mid-Range,1.6,156,26.2,4752.4
2011,26645.6,193357,CNG,Manual,First,Mid-Range,1.9,117,25.5,3663.57
2017,60717.77,47776,Petrol,Automatic,First,Luxury,3.4,379,19.0,15464.07
2013,14162.79,154135,Petrol,Manual,First,Economy,1.5,101,32.0,2031.14
2022,80399.36,35002,Diesel,Manual,First,Luxury,3.7,333,20.5,57176.87
2013,46597.78,115837,Petrol,Manual,Second,SUV,2.3,196,26.7,6949.89
2018,17594.5,73497,Diesel,Automatic,Second,Economy,1.2,90,31.9,4706.02
2019,32896.22,62325,Diesel,Manual,First,Mid-Range,1.8,108,24.9,13770.79
2012,36835.29,27736,Diesel,Manual,First,SUV,2.4,171,21.8,5320.12
2008,15026.78,170304,Petrol,Automatic,First,Economy,1.2,100,27.4,2196.98
2015,27140.85,91061,Petrol,Manual,Third,Mid-Range,1.8,110,29.6,3840.49
2012,23157.93,174724,Petrol,Manual,First,Mid-Range,2.0,147,24.9,3434.67
2019,26143.41,51270,Petrol,Manual,First,Mid-Range,1.7,118,24.8,10977.47
2019,13824.8,69035,Diesel,Manual,First,Economy,1.4,96,27.8,5627.68
2019,39598.49,92054,Petrol,Automatic,First,SUV,2.7,197,22.4,16087.83
2012,85793.98,185596,Petrol,Manual,First,Luxury,3.3,349,20.7,13805.58
2014,64702.66,157593,Petrol,Manual,Second,Luxury,3.2,331,21.1,9420.05
2011,34621.6,146846,Diesel,Manual,First,SUV,2.7,193,21.2,5144.79
2013,19578.46,154643,Diesel,Automatic,First,Economy,1.4,102,30.1,3255.58
2020,42367.99,47588,Petrol,Manual,First,SUV,2.3,161,23.4,22845.33
2023,13468.64,19049,Petrol,Manual,First,Economy,1.1,102,29.7,10332.32
2011,15065.32,181381,Petrol,Manual,Second,Economy,1.1,81,31.4,2303.54
2021,22561.52,44023,Petrol,Manual,First,Mid-Range,1.9,130,25.2,13699.12
2022,22211.81,47025,Diesel,Manual,Second,Mid-Range,1.6,133,26.7,15116.85
2010,46294.05,170149,Diesel,Manual,First,SUV,2.5,195,24.9,6685.45
2014,50921.51,150350,Petrol,Automatic,First,SUV,2.8,223,20.7,7317.57
2015,24534.15,155012,Petrol,Manual,Third,Mid-Range,1.5,112,27.5,3555.72
2011,18874.6,207934,Electric,Automatic,First,Economy,1.4,104,29.8,2750.23
2023,78284.69,12436,Petrol,Automatic,Second,Luxury,2.7,411,27.0,65594.49
2020,20691.04,60163,Diesel,Manual,First,Mid-Range,1.4,129,29.9,10081.15
2009,27101.52,228527,Petrol,Manual,Second,Mid-Range,1.7,124,28.3,3938.67
2019,17295.21,75614,Petrol,Manual,First,Economy,1.3,100,30.2,5815.21
2017,50111.64,72013,Petrol,Automatic,First,SUV,2.3,216,22.5,11242.03
2021,37690.24,42949,Petrol,Manual,Second,SUV,2.1,193,25.8,21183.64
2010,18902.17,216960,Electric,Manual,Third,Economy,1.0,92,30.4,2788.96
2008,18827.17,163259,Petrol,Manual,Second,Economy,1.1,97,30.7,2782.0
2015,50079.06,112975,Petrol,Automatic,Second,SUV,2.7,171,23.1,7682.09
2022,33010.15,45539,Petrol,Automatic,Second,SUV,2.3,194,25.4,23582.64
2010,15555.84,171738,Petrol,Manual,First,Economy,1.0,94,29.9,2381.05
2019,91847.44,55310,Petrol,Automatic,First,Luxury,2.9,274,22.1,38438.55
2017,12634.0,76395,Petrol,Manual,First,Economy,1.0,97,28.0,1954.5
2014,27272.88,139303,Diesel,Manual,First,Mid-Range,1.5,126,27.6,3862.84
2017,108015.38,60113,Petrol,Automatic,First,Luxury,3.0,298,24.3,24702.97
2012,26452.64,141125,Petrol,Manual,First,Mid-Range,1.8,106,27.5,3837.88
2017,21418.35,104698,CNG,Manual,First,Mid-Range,1.9,122,26.4,3244.07
2012,28554.69,201716,Petrol,Manual,First,Mid-Range,1.9,138,30.2,4164.79
2021,16980.4,56826,CNG,Automatic,First,Economy,1.0,71,27.8,10160.76
2014,84968.49,110549,Petrol,Automatic,First,Luxury,2.8,331,20.2,11995.19
2022,32636.96,45316,Diesel,Automatic,First,Mid-Range,1.6,157,31.2,27291.37
2016,34122.6,93622,Diesel,Automatic,Second,SUV,2.6,156,23.4,5345.9
2019,19826.12,53494,Diesel,Manual,Second,Economy,1.2,71,29.1,7449.24
2012,14912.97,140069,Electric,Manual,First,Economy,1.1,84,27.7,2297.34
2008,15442.53,250000,Petrol,Manual,First,Economy,1.3,70,30.0,2266.58
2017,32811.71,95571,Electric,Manual,First,SUV,2.2,221,26.2,6832.65
2017,24463.56,90771,Petrol,Manual,First,Mid-Range,1.9,151,24.3,3689.72
2008,51337.31,250000,Petrol,Automatic,First,SUV,2.6,152,23.0,7785.63
2022,25438.75,28517,Petrol,Manual,First,Mid-Range,1.7,122,26.7,18423.39
2009,57161.06,124438,Petrol,Manual,First,Luxury,2.6,418,23.8,7310.8
2023,19591.33,17076,Petrol,Manual,First,Economy,1.3,83,26.9,17766.76
2021,41647.12,46136,Diesel,Manual,Third,SUV,2.2,193,27.6,20252.55
2013,35875.78,144898,Petrol,Automatic,Third,SUV,2.6,155,25.1,5470.11
2023,35782.77,29445,Diesel,Manual,First,SUV,2.2,209,24.4,30487.85
2016,49232.5,107871,Diesel,Manual,First,SUV,2.5,167,23.3,7445.22
2015,39046.18,111347,Petrol,Automatic,First,SUV,2.8,191,22.1,5682.02
2020,24027.5,52357,Petrol,Manual,First,Mid-Range,1.5,108,26.7,12314.07
2012,19552.33,158853,Petrol,Manual,Third,Economy,1.3,86,28.3,2741.17
2008,15914.58,122493,Petrol,Manual,First,Economy,1.2,93,29.1,2409.4
2023,80022.29,25410,Petrol,Manual,Second,Luxury,3.3,288,23.4,61661.43
2020,34109.6,60460,Petrol,Automatic,First,Mid-Range,1.7,144,29.2,17812.33
2014,41925.9,139153,Petrol,Automatic,Third,SUV,2.3,153,26.5,6405.5
2023,31406.97,25749,Electric,Manual,First,Mid-Range,1.7,114,28.1,26241.37
2022,13576.85,34535,Diesel,Automatic,Second,Economy,1.5,103,26.0,9155.42
2012,15630.77,147882,Petrol,Manual,First,Economy,1.4,93,28.6,2372.37
2013,41602.7,113971,Diesel,Manual,First,SUV,2.4,218,26.1,6452.13
2020,28686.95,59907,Petrol,Manual,First,Mid-Range,1.6,132,25.3,12689.8
2014,17393.5,139887,Petrol,Manual,First,Economy,1.1,101,31.3,2677.12
2010,29062.61,137102,Diesel,Manual,Third,Mid-Range,1.8,110,31.5,4240.99
2019,16218.49,94249,Petrol,Automatic,Second,Economy,1.1,68,32.0,4929.49
2017,21338.33,101494,Petrol,Automatic,Second,Mid-Range,1.6,137,30.6,2986.38
2023,19896.8,28457,Electric,Manual,First,Economy,1.2,72,30.0,16684.6
2010,38508.37,237476,Diesel,Manual,Second,SUV,2.4,205,26.1,6055.28
2012,24293.89,159013,Diesel,Manual,First,Mid-Range,1.5,159,26.8,3650.07
2013,20370.46,151668,Diesel,Manual,First,Mid-Range,1.7,141,28.9,2997.09
2016,14225.74,125243,Diesel,Manual,First,Economy,1.4,86,30.0,2121.43
2020,19160.27,54002,Petrol,Manual,First,Economy,1.0,71,31.1,9720.2
2021,20984.01,46834,Petrol,Automatic,First,Mid-Range,1.8,119,29.5,13807.03
2019,26067.79,64283,Petrol,Manual,First,Mid-Range,1.8,136,25.8,9942.88
2012,30044.17,120991,Petrol,Manual,First,Mid-Range,1.6,117,27.4,4752.9
2022,16776.93,51677,Petrol,Manual,Second,Economy,1.5,72,28.4,10871.02
2008,37082.95,136792,Petrol,Manual,First,SUV,2.3,186,22.6,5677.41
2021,42868.12,33907,Electric,Manual,First,SUV,2.7,189,23.3,28770.48
2021,33718.21,58555,CNG,Automatic,First,SUV,2.2,165,21.7,21931.36
2021,17520.6,57292,Diesel,Manual,First,Economy,1.4,73,30.8,11055.7
2011,27037.66,119166,Petrol,Automatic,First,Mid-Range,1.6,128,27.9,4270.76
2012,14477.05,176537,Diesel,Manual,First,Economy,1.2,69,28.6,2269.23
2019,14289.79,87702,Petrol,Manual,First,Economy,1.3,92,27.5,4811.31
2023,66570.46,22230,Diesel,Manual,First,Luxury,3.2,275,20.1,54351.26
2017,13685.65,148474,Petrol,Automatic,First,Economy,1.0,101,31.9,1980.87
2017,21911.12,51790,Diesel,Manual,Second,Mid-Range,1.5,120,29.3,3447.08
2023,22013.04,18769,Petrol,Automatic,First,Mid-Range,1.8,109,25.5,17793.55
2012,46158.96,196076,Diesel,Manual,First,SUV,2.5,177,22.1,7060.51
2014,29762.42,150407,CNG,Automatic,Second,Mid-Range,1.7,119,28.7,4545.29
2011,15497.18,153477,Petrol,Manual,First,Economy,1.1,86,28.6,2459.71
2008,33070.0,190917,Petrol,Automatic,First,Mid-Range,1.6,138,27.9,5005.23
2021,26070.59,46249,Electric,Manual,Second,Mid-Range,2.0,138,26.2,13971.68
2021,15835.64,51687,Petrol,Automatic,First,Economy,1.1,75,30.7,9618.15
2012,25524.43,179924,Diesel,Manual,First,Mid-Range,1.6,155,29.5,3602.39
2014,18692.96,156155,Diesel,Manual,First,Economy,1.2,80,27.1,2728.53
2017,14673.14,69669,Petrol,Manual,First,Economy,1.3,90,25.3,2564.63
2017,33061.96,89101,Petrol,Automatic,First,Mid-Range,1.9,107,25.3,6011.58
2013,15977.34,112799,Petrol,Manual,First,Economy,1.3,81,32.0,2572.83
2012,33073.28,143821,Diesel,Automatic,First,Mid-Range,1.8,106,30.9,4632.26
2011,34764.91,209495,Petrol,Manual,First,SUV,2.4,177,27.9,5565.72
2009,40072.93,196956,Petrol,Manual,First,SUV,2.4,190,23.8,6367.14
2011,19691.34,250000,Petrol,Manual,First,Economy,1.3,82,25.6,3086.37
2022,12874.85,27483,Diesel,Automatic,First,Economy,1.3,97,24.5,9905.56
2017,16555.86,92243,Diesel,Automatic,First,Economy,1.2,78,28.4,3693.01
2017,21088.62,90070,Electric,Automatic,First,Mid-Range,1.9,109,26.1,4775.84
2010,45375.07,152447,Petrol,Manual,Second,SUV,2.7,167,25.5,7116.25
2017,13000.71,93380,Diesel,Automatic,First,Economy,1.3,98,30.9,2822.95
2023,107050.83,17955,Diesel,Automatic,First,Luxury,2.7,340,23.3,95260.42
2008,16853.51,210346,Diesel,Manual,First,Economy,1.2,78,27.8,2373.34
2015,34932.25,91810,CNG,Automatic,First,Mid-Range,2.0,151,24.1,4590.75
2012,44189.36,118316,Petrol,Automatic,Third,SUV,2.0,159,26.5,6284.21
2020,36784.22,53281,Petrol,Automatic,First,SUV,2.7,173,24.2,20815.8
2011,39387.65,166463,Diesel,Automatic,Third,SUV,2.6,155,24.1,5789.15
2023,46572.3,23318,Petrol,Manual,First,SUV,2.4,195,22.1,38420.94
2015,28780.63,74660,Diesel,Manual,Second,Mid-Range,1.6,139,29.1,4458.6
2023,37188.98,18259,Diesel,Automatic,First,SUV,2.4,201,25.1,36819.87
2014,13796.66,136272,Petrol,Manual,Second,Economy,1.0,70,28.4,2206.6
2009,46025.87,111381,Diesel,Automatic,First,SUV,2.4,217,22.6,6568.24
2008,26069.81,159363,Petrol,Automatic,First,Mid-Range,1.9,124,27.8,3530.65
2019,33224.33,57308,Petrol,Automatic,First,SUV,2.3,165,24.2,16017.69
2023,22502.45,20746,Diesel,Automatic,First,Mid-Range,1.8,159,30.1,22677.71
2023,23788.79,26832,CNG,Manual,Second,Mid-Range,1.4,148,29.7,17956.92
2018,34185.1,74582,Petrol,Manual,First,Mid-Range,1.9,144,25.5,8659.71
2011,41297.1,142066,Petrol,Manual,First,SUV,2.3,203,24.6,6492.9
2015,13509.06,131903,Diesel,Manual,Second,Economy,1.3,83,29.3,2015.42
2019,18484.83,95772,Diesel,Manual,First,Economy,1.3,86,27.7,6894.01
2009,12907.1,250000,Diesel,Manual,Third,Economy,1.4,92,26.9,2022.65
2010,19152.8,97404,Petrol,Automatic,Second,Economy,1.4,85,30.1,2920.95
2019,48412.83,73084,Petrol,Automatic,First,SUV,2.7,154,24.5,18777.09
2008,16338.4,192088,Petrol,Manual,Second,Economy,1.0,80,31.7,2410.97
2008,55459.51,208326,Diesel,Manual,First,Luxury,2.7,374,25.9,8593.93
2020,30715.81,56611,Petrol,Automatic,First,Mid-Range,1.5,137,27.2,16759.81
2010,17374.23,180951,Petrol,Manual,First,Economy,1.5,93,31.6,2640.28
2018,34403.19,80358,CNG,Manual,First,SUV,2.3,150,22.8,9490.86
2012,40348.97,128160,Petrol,Manual,Second,SUV,2.4,204,22.2,5942.88
2019,21112.64,59920,Electric,Manual,Second,Mid-Range,1.8,134,23.4,7627.89
2010,30873.69,153378,Diesel,Manual,First,Mid-Range,1.5,151,27.4,3849.43
2008,51804.45,210781,Diesel,Automatic,First,SUV,2.7,159,21.8,7595.96
2008,19979.38,225185,Petrol,Manual,Third,Economy,1.1,65,31.1,3111.37
2015,64717.53,143093,Petrol,Manual,First,Luxury,2.9,360,22.4,9518.14
2017,72609.96,81789,Diesel,Manual,First,Luxury,3.4,403,17.3,13605.72
2018,44495.91,83674,Diesel,Manual,First,SUV,2.5,165,23.0,12214.64
2019,14505.46,81132,Diesel,Automatic,Second,Economy,1.2,73,28.9,5371.85
2020,39943.74,75066,Petrol,Automatic,First,SUV,2.1,222,22.0,20926.7
2020,14564.29,56493,Diesel,Automatic,Second,Economy,1.1,83,28.1,7312.87
2019,15504.27,68018,Diesel,Manual,Second,Economy,1.4,104,27.2,4651.84
2022,13257.89,38808,Diesel,Automatic,First,Economy,1.4,88,31.6,10303.31
2021,29759.1,39375,Diesel,Automatic,First,Mid-Range,1.8,133,27.3,20033.46
2009,50023.55,177558,Diesel,Automatic,Second,SUV,2.7,185,24.2,7398.27
2020,44064.44,71317,Diesel,Manual,First,SUV,2.6,189,20.3,21542.35
2010,45347.02,197285,Petrol,Manual,Second,SUV,2.3,229,27.0,6684.34
2009,29349.72,174737,Petrol,Manual,Third,Mid-Range,1.4,123,31.3,4589.48
2010,26750.36,190790,Petrol,Automatic,First,Mid-Range,1.4,106,24.7,3628.78
2014,23940.4,100831,Petrol,Manual,Second,Mid-Range,1.6,129,26.4,3910.18
2008,83301.41,231318,Petrol,Manual,Second,Luxury,2.7,364,23.8,12797.5
2017,16734.46,88300,Petrol,Automatic,Second,Economy,1.1,78,31.3,2504.86
2015,33464.91,110509,Petrol,Automatic,First,SUV,2.1,162,24.2,5247.34
2020,31299.69,51358,Petrol,Automatic,First,Mid-Range,1.9,146,25.8,15627.6
2017,27154.88,94127,Diesel,Manual,First,Mid-Range,1.8,142,25.7,4647.92
2017,44429.29,88228,CNG,Automatic,First,SUV,2.5,153,24.0,8572.68
2017,25362.7,108586,Petrol,Manual,First,Mid-Range,1.9,133,28.8,4064.16
2021,45856.02,37101,CNG,Manual,Second,SUV,2.2,201,23.6,24497.84
2009,97337.48,250000,Petrol,Manual,First,Luxury,3.8,302,19.9,14929.18
2010,27917.18,234977,Petrol,Manual,First,Mid-Range,1.7,154,25.8,4064.13
2016,17994.52,78552,Petrol,Manual,First,Economy,1.3,88,27.5,2764.88
2014,20801.52,125261,Petrol,Automatic,Second,Mid-Range,2.0,109,27.6,3381.9
2011,88819.67,139948,Diesel,Manual,First,Luxury,3.9,335,19.3,13986.12
2017,18144.72,80619,Diesel,Automatic,First,Economy,1.2,69,31.3,4215.15
2012,24593.59,219891,Petrol,Manual,First,Mid-Range,1.8,122,24.3,3813.63
2009,33216.58,172060,Petrol,Manual,Second,Mid-Range,1.9,109,25.5,5126.36
2020,50719.88,57984,Petrol,Manual,First,SUV,2.2,197,26.7,25504.05
2018,17516.27,91599,Petrol,Manual,First,Economy,1.3,82,29.2,4624.03
2020,51933.67,48610,Petrol,Manual,Third,SUV,2.3,172,22.5,18723.97
2015,74540.93,96810,Petrol,Manual,Second,Luxury,3.6,356,19.7,11110.05
2011,16433.45,114377,Diesel,Manual,Third,Economy,1.0,66,29.1,2544.13
2016,18726.28,79926,CNG,Manual,First,Economy,1.4,86,32.0,2755.14
2012,68038.87,55954,Petrol,Manual,First,Luxury,2.6,306,26.4,9734.79
2020,19633.05,56642,CNG,Automatic,Second,Economy,1.2,68,30.8,8755.14
2016,40517.86,158737,Petrol,Manual,First,SUV,2.2,224,27.8,6054.5
2011,33962.49,166361,Petrol,Automatic,Second,Mid-Range,2.0,135,26.1,4671.14
2017,19224.41,68573,Petrol,Automatic,First,Economy,1.0,95,32.0,4365.43
2012,40491.45,127310,Diesel,Automatic,First,SUV,2.1,158,28.5,5233.32
2016,27911.85,92712,Electric,Automatic,First,Mid-Range,2.0,135,26.5,4755.09
2015,32152.1,91718,Diesel,Manual,First,Mid-Range,1.5,105,27.7,5184.98
2023,33719.25,24220,Petrol,Automatic,First,Mid-Range,1.5,140,24.8,28984.05
2010,21180.48,208164,Diesel,Automatic,First,Mid-Range,1.5,142,28.1,3178.57
2008,17887.63,145738,Petrol,Manual,Third,Economy,1.3,72,30.8,2723.79
2010,28991.46,209953,Diesel,Manual,First,Mid-Range,1.6,130,29.7,4220.61
2023,71645.22,19131,Petrol,Manual,First,Luxury,2.8,373,23.4,60547.69
2011,17504.94,232345,Petrol,Automatic,Second,Economy,1.3,71,28.1,2606.84
2009,36944.12,250000,Diesel,Automatic,First,SUV,2.1,184,21.6,5515.5
2008,33225.76,152418,Diesel,Manual,First,Mid-Range,1.8,119,25.9,5029.08
2014,44276.92,215363,Petrol,Manual,Second,SUV,2.7,166,22.2,6205.35
2023,17706.57,15720,Diesel,Manual,First,Economy,1.0,81,29.9,15455.35
2015,70539.75,99630,Petrol,Manual,Second,Luxury,3.5,352,20.5,10667.43
2014,30785.34,134382,Diesel,Automatic,Second,Mid-Range,1.6,111,31.8,4647.55
2021,13991.55,39892,Diesel,Manual,Third,Economy,1.3,93,29.4,6672.94
2023,12205.94,16706,Diesel,Manual,First,Economy,1.2,78,29.2,11222.71
2012,19178.39,98778,Diesel,Manual,First,Economy,1.2,97,29.1,2825.89
2019,20462.37,59083,Petrol,Automatic,First,Mid-Range,1.7,130,27.6,8880.21
2008,34171.25,250000,Petrol,Manual,First,Mid-Range,1.9,106,24.8,5458.16
2014,50484.37,122138,Diesel,Automatic,Second,SUV,2.4,177,24.4,7542.6
2020,28233.99,60909,Petrol,Manual,First,Mid-Range,1.4,137,29.6,13894.8
2014,17218.11,137141,Petrol,Manual,First,Economy,1.1,82,30.5,2570.27
2016,34052.8,127502,Petrol,Manual,Second,Mid-Range,1.8,105,27.8,5423.94
2010,37269.47,107096,Petrol,Manual,First,SUV,2.1,169,26.4,5518.38
2016,19890.8,118072,Diesel,Manual,First,Economy,1.0,70,27.0,3175.07
2021,12855.93,47957,Petrol,Automatic,First,Economy,1.2,70,30.9,8216.53
2008,14055.62,214281,Diesel,Automatic,Second,Economy,1.4,99,27.4,2017.74
2008,33130.31,250000,Petrol,Automatic,First,SUV,2.0,168,23.8,5138.36
2021,36598.37,35080,Petrol,Manual,Second,SUV,2.1,185,23.3,19386.52
2011,34108.06,124421,Petrol,Automatic,First,Mid-Range,1.7,119,28.2,5274.94
2023,39088.48,12824,Petrol,Manual,Second,SUV,2.7,195,22.4,25808.74
2016,46551.59,97132,Petrol,Manual,Second,SUV,2.3,183,21.3,6984.56
2013,34161.42,185742,Diesel,Manual,First,Mid-Range,1.7,152,28.3,5006.46
2020,33901.13,56081,Petrol,Manual,First,SUV,2.3,195,21.8,15815.19
2018,13649.62,52892,Diesel,Automatic,First,Economy,1.1,82,30.3,4864.6
2010,15645.29,150209,Petrol,Manual,Second,Economy,1.4,71,29.2,2279.48
2008,15064.55,134870,Petrol,Manual,First,Economy,1.3,93,30.9,2254.26
2011,15516.06,118196,Diesel,Automatic,First,Economy,1.4,88,32.0,2168.29
2019,32311.04,73586,Petrol,Manual,First,Mid-Range,1.4,131,26.0,12199.83
2020,82170.64,37404,Petrol,Manual,First,Luxury,3.4,390,19.6,45218.76
2016,14425.76,135583,Petrol,Manual,First,Economy,1.1,66,29.5,2194.26
2010,14366.02,167372,Petrol,Automatic,First,Economy,1.3,97,30.0,2242.07
2019,26157.84,74126,Diesel,Automatic,First,Mid-Range,1.7,128,27.8,12168.28
2016,65817.87,93143,Petrol,Manual,Second,Luxury,2.8,265,21.7,10483.05
2014,20138.01,156711,Diesel,Manual,First,Mid-Range,1.4,116,27.8,3303.16
2019,34597.17,83234,Diesel,Manual,First,Mid-Range,1.8,122,24.7,13160.13
2021,14862.73,43156,Petrol,Automatic,Third,Economy,1.1,79,32.0,6995.5
2022,12255.96,36744,CNG,Manual,Second,Economy,1.0,99,31.4,8098.96
2023,84453.71,17428,Petrol,Manual,Third,Luxury,3.9,401,19.3,59382.37
2011,76287.75,181463,Electric,Manual,First,Luxury,3.3,358,19.5,11886.97
2010,12432.38,166979,Petrol,Manual,First,Economy,1.3,67,27.8,2041.02
2017,103829.97,91293,Diesel,Manual,First,Luxury,3.2,339,18.4,18746.6
2022,23150.71,29533,Petrol,Automatic,Second,Mid-Range,1.5,150,29.0,16185.75
2023,40003.11,14837,Petrol,Manual,First,SUV,2.3,175,22.6,32038.96
2012,32024.64,126172,Diesel,Manual,First,Mid-Range,1.5,133,31.9,5316.57
2012,32731.51,174168,Diesel,Automatic,First,Mid-Range,1.7,132,24.7,4827.11
2010,23865.43,229766,Petrol,Automatic,First,Mid-Range,1.8,132,27.4,3524.65
2019,36422.95,91937,Petrol,Manual,First,SUV,2.7,196,26.0,12515.4
2016,12353.16,80144,Diesel,Manual,First,Economy,1.1,97,31.2,1793.23
2011,18368.55,210163,Diesel,Manual,First,Economy,1.5,70,28.6,2654.79
2018,33209.76,70578,Electric,Automatic,First,Mid-Range,1.6,132,25.9,11814.07
2012,32985.99,178841,Diesel,Manual,Third,SUV,2.3,193,21.9,4610.01
2011,17444.66,127763,CNG,Automatic,Second,Economy,1.0,75,32.0,2513.95
2012,40219.21,151168,Diesel,Automatic,Third,SUV,2.1,159,28.6,6620.77
2014,64814.79,134972,Petrol,Manual,Second,Luxury,3.5,368,18.4,10079.83
2023,14085.33,17315,Petrol,Manual,First,Economy,1.0,103,28.2,12367.96
2016,47450.45,122989,Diesel,Manual,First,SUV,2.7,219,17.9,7536.51
2014,31538.76,164112,Diesel,Manual,First,Mid-Range,1.5,150,26.3,5164.66
2020,37250.17,49341,Petrol,Manual,First,SUV,2.5,177,23.5,17002.29
2012,16682.09,206953,Petrol,Automatic,First,Economy,1.1,85,32.0,2348.44
2017,39270.29,91781,CNG,Automatic,First,SUV,2.3,188,26.0,7156.34
2017,35278.41,111508,Petrol,Manual,First,SUV,2.5,222,24.4,5167.48
2014,89371.91,65442,Petrol,Automatic,First,Luxury,3.1,265,20.2,13204.32
2021,37577.44,65344,Petrol,Manual,First,SUV,2.6,225,22.1,21366.13
2022,29045.21,44833,Petrol,Manual,First,Mid-Range,2.0,108,28.8,20736.66
2017,27947.14,84856,Petrol,Manual,Second,Mid-Range,1.4,154,29.1,4199.47
2012,35006.21,78178,Petrol,Automatic,First,SUV,2.5,217,19.5,5061.15
2010,24724.0,191574,Petrol,Automatic,First,Mid-Range,1.4,153,27.4,3305.19
2014,16786.45,84138,Diesel,Automatic,First,Economy,1.1,84,28.3,2392.97
2020,56803.99,68096,Petrol,Manual,First,Luxury,2.5,289,22.7,26422.39
2018,51653.05,85951,Diesel,Manual,First,SUV,2.3,222,25.8,14634.08
2018,50116.99,69037,Diesel,Manual,First,SUV,2.5,163,23.5,14524.23
2009,19373.81,244572,Petrol,Manual,First,Economy,1.3,71,29.0,2834.76
2022,46183.61,33978,Diesel,Automatic,First,SUV,2.6,209,25.9,34388.14
2019,30324.39,87014,Petrol,Automatic,Third,Mid-Range,1.5,117,26.9,7098.97
2016,47640.04,103843,Diesel,Automatic,Third,SUV,2.2,185,28.8,6762.59
2017,18337.52,68202,Petrol,Manual,First,Economy,1.4,83,27.4,3128.3
2017,36568.52,112387,Diesel,Manual,First,SUV,2.7,202,23.0,5301.87
2019,61424.23,67620,Diesel,Manual,Second,Luxury,2.9,297,21.4,20044.69
2008,15642.63,133361,Petrol,Manual,First,Economy,1.1,73,30.3,2244.74
2020,94614.74,69186,Petrol,Manual,First,Luxury,3.9,259,18.3,47175.15
2013,33838.59,205872,Diesel,Automatic,First,Mid-Range,1.8,110,27.8,5178.79
2014,47130.77,126293,Diesel,Automatic,Third,SUV,2.5,179,22.2,7044.92
2021,32794.22,67254,Petrol,Manual,First,SUV,2.2,205,22.9,18240.02
2020,29550.39,58962,Diesel,Manual,First,Mid-Range,1.9,130,31.5,15635.84
2015,47444.81,108680,Petrol,Manual,Second,SUV,2.2,204,24.1,7362.5
2017,41126.52,76431,Diesel,Manual,First,SUV,2.4,199,25.6,8212.86
2016,32627.13,143549,Petrol,Automatic,First,Mid-Range,1.9,132,23.2,5286.5
2009,23451.27,147471,Diesel,Manual,Third,Mid-Range,1.9,128,25.9,3598.53
2018,36552.65,97863,Petrol,Manual,First,SUV,2.3,216,24.4,9271.39
2017,39069.55,87126,Petrol,Manual,First,SUV,2.4,214,25.1,6113.87
2009,34185.59,166576,Petrol,Automatic,First,SUV,2.5,170,18.3,5301.07
2012,37427.63,183232,Petrol,Manual,First,SUV,2.6,158,23.6,5390.48
2020,34595.68,47647,Petrol,Manual,First,Mid-Range,1.9,124,24.2,16996.82
2012,32819.56,139910,Petrol,Manual,First,SUV,2.8,171,23.0,5008.93
2013,12806.02,179340,Diesel,Automatic,First,Economy,1.4,83,26.6,1953.76
2010,33052.95,247333,Petrol,Automatic,Second,Mid-Range,1.8,107,25.2,5083.78
2015,13405.38,130707,Petrol,Manual,First,Economy,1.1,70,29.5,2121.44
2023,32020.57,21963,Petrol,Automatic,First,Mid-Range,2.0,143,23.9,25981.44
2020,23517.26,52816,Petrol,Automatic,First,Mid-Range,1.6,123,26.8,12004.98
2008,29476.62,202033,Petrol,Automatic,Second,Mid-Range,1.7,135,25.0,4472.25
2013,35395.17,151682,Petrol,Automatic,First,SUV,2.2,226,21.4,5116.98
2011,27216.89,121388,Petrol,Automatic,First,Mid-Range,2.0,106,28.0,4772.03
2008,28559.97,234589,Petrol,Manual,First,Mid-Range,1.6,130,25.2,4394.46
2022,17861.79,37969,Petrol,Automatic,First,Economy,1.2,82,29.2,13422.82
2014,23749.38,76004,Diesel,Manual,First,Mid-Range,1.8,151,28.4,3470.59
2016,14957.9,86620,Petrol,Automatic,Second,Economy,1.3,88,27.9,2189.82
2020,13134.76,51624,Petrol,Manual,First,Economy,1.2,78,27.9,6551.64
2011,30246.04,157653,Electric,Automatic,First,Mid-Range,1.5,111,28.7,4562.31
2011,46593.57,239236,Petrol,Automatic,First,SUV,2.5,226,26.0,6829.44
2013,32940.13,148437,Diesel,Manual,Second,Mid-Range,1.4,154,26.4,4873.54
2019,34641.17,54571,Petrol,Automatic,First,Mid-Range,1.7,137,27.0,16063.82
2022,21245.58,28879,Diesel,Manual,First,Mid-Range,1.7,155,23.9,17158.66
2010,43695.14,160630,Diesel,Automatic,First,SUV,2.2,185,24.3,6636.87
2020,25832.77,54843,Petrol,Manual,First,Mid-Range,1.9,159,26.5,11910.11
2019,29065.71,71993,Electric,Manual,First,Mid-Range,1.4,149,27.0,12643.99
2013,17938.48,179312,Petrol,Automatic,First,Economy,1.1,85,29.1,2899.88
2014,24578.22,125241,Petrol,Manual,First,Mid-Range,1.9,132,23.6,3939.23
2018,26123.56,115533,Diesel,Automatic,First,Mid-Range,2.0,141,26.2,7890.87
2017,23632.75,109953,Diesel,Manual,First,Mid-Range,1.6,145,29.9,4000.97
2017,24349.81,80996,Petrol,Manual,First,Mid-Range,1.5,134,26.1,3974.85
2010,29824.12,250000,Petrol,Manual,First,Mid-Range,1.8,111,25.7,4614.11
2014,21904.04,140963,Petrol,Manual,Second,Mid-Range,1.6,105,28.8,3173.77
2021,36672.18,33865,Petrol,Manual,Third,SUV,2.7,219,25.3,17091.98
2010,51418.09,250000,Diesel,Manual,Third,SUV,2.6,199,20.3,8225.43
2020,33270.71,81824,Petrol,Manual,Second,SUV,2.3,205,24.3,12328.75
2020,84643.95,60411,Petrol,Manual,First,Luxury,3.1,413,21.6,39487.15
2009,17628.23,164081,Petrol,Automatic,Second,Economy,1.1,70,29.8,2657.12
2019,19607.53,60717,Petrol,Automatic,First,Economy,1.3,80,24.2,8280.24
2021,19368.56,53191,Petrol,Manual,First,Economy,1.0,77,31.5,11921.75
2017,28013.31,112936,Diesel,Automatic,First,Mid-Range,1.6,119,30.8,5324.47
2011,50860.41,186428,Electric,Manual,First,SUV,2.7,158,23.1,8284.57
2019,17696.06,66032,Diesel,Automatic,Second,Economy,1.4,72,26.6,6137.94
2015,98080.96,158602,Petrol,Automatic,First,Luxury,3.1,312,20.0,15634.4
2020,15365.04,58978,Diesel,Automatic,First,Economy,1.5,70,31.8,8263.94
2022,74975.4,38223,Diesel,Manual,Third,Luxury,3.2,308,22.4,39862.76
2016,26543.22,101714,Diesel,Automatic,First,Mid-Range,1.4,143,30.0,4028.84
2014,18420.49,141532,Petrol,Manual,First,Economy,1.1,98,30.8,2727.9
2008,29571.39,194995,Petrol,Automatic,Second,Mid-Range,1.7,121,26.0,4189.61
2010,17844.12,179750,Petrol,Manual,First,Economy,1.1,74,29.6,2451.6
2020,12054.31,57041,Petrol,Automatic,First,Economy,1.0,69,30.3,6404.8
2019,34937.04,92388,Petrol,Automatic,First,Mid-Range,1.5,109,29.3,14258.54
2021,36819.93,35255,Petrol,Automatic,First,SUV,2.2,162,28.1,24924.52
2016,25472.27,87320,Petrol,Manual,Second,Mid-Range,2.0,134,28.2,3831.67
2022,25025.13,41637,Diesel,Automatic,First,Mid-Range,1.9,127,23.6,19987.86
2019,24750.27,82439,Petrol,Manual,First,Mid-Range,1.5,126,28.7,8924.5
2008,43543.99,85809,Petrol,Automatic,First,SUV,2.5,173,25.2,6064.68
2016,15259.24,95245,CNG,Manual,First,Economy,1.0,73,31.7,2126.27
2015,29961.11,72725,CNG,Manual,Third,Mid-Range,2.0,126,24.7,4448.51
2008,12468.29,153757,Diesel,Manual,First,Economy,1.1,70,32.0,1855.22
2013,13392.08,30659,Electric,Manual,First,Economy,1.2,71,27.0,2094.29
2012,43156.2,152271,Petrol,Manual,First,SUV,2.6,151,21.1,6718.55
2013,16502.64,98582,Electric,Manual,First,Economy,1.2,85,30.1,2550.29
2017,31001.03,95342,Petrol,Manual,Third,Mid-Range,1.6,121,32.0,4584.99
2019,33952.38,37948,Petrol,Automatic,First,SUV,2.7,165,21.2,14364.9
2020,16410.54,56189,Petrol,Automatic,First,Economy,1.4,79,28.2,8919.89
2023,28839.97,25573,Petrol,Manual,First,Mid-Range,1.6,112,30.0,24545.38
2020,15614.95,69332,Petrol,Manual,Second,Economy,1.3,73,29.1,5456.07
2020,60330.45,72444,Diesel,Manual,First,Luxury,3.7,346,17.7,29084.15
2022,31890.55,34705,Diesel,Manual,Second,Mid-Range,1.7,144,28.5,20577.71
2012,46203.47,146008,Diesel,Automatic,First,SUV,2.5,162,24.3,6971.53
2023,26176.22,31258,Petrol,Automatic,Second,Mid-Range,1.8,106,29.0,19659.89
2013,13729.09,85840,Diesel,Manual,First,Economy,1.2,92,32.0,2055.44
2012,31967.04,96527,Diesel,Manual,First,Mid-Range,1.8,155,27.5,4744.58
2018,55586.86,80645,Petrol,Manual,First,Luxury,3.9,416,18.0,14515.47
2019,32897.82,100183,Diesel,Automatic,First,Mid-Range,1.8,128,27.3,12998.0
2012,44274.16,147453,Petrol,Automatic,Second,SUV,2.2,228,26.1,6428.95
2011,35669.16,151271,Petrol,Manual,Second,SUV,2.6,157,23.4,5061.38
2010,18535.02,111174,CNG,Manual,First,Economy,1.4,66,28.7,2833.09
2010,14920.75,218652,Petrol,Automatic,First,Economy,1.0,91,32.0,2302.02
2011,25137.13,197935,Petrol,Automatic,First,Mid-Range,1.8,143,29.9,3625.29
2016,28834.04,128086,Diesel,Manual,Second,Mid-Range,1.5,109,25.2,4653.95
2009,42194.71,154447,Diesel,Manual,First,SUV,2.4,209,24.2,6229.65
2022,56454.58,24561,Petrol,Manual,First,Luxury,3.1,312,19.7,44396.95
2016,33103.33,79946,Petrol,Manual,First,Mid-Range,1.6,159,27.2,4806.08
2008,18778.37,203656,Petrol,Manual,First,Economy,1.2,89,30.4,2531.34
2021,33490.21,37415,Diesel,Manual,First,SUV,2.4,151,25.5,22039.07
2022,17545.68,21310,Petrol,Manual,First,Economy,1.3,104,28.9,13046.18
2022,47426.46,31386,Petrol,Manual,First,SUV,2.1,165,21.7,34316.79
2008,29666.35,179960,CNG,Automatic,Third,Mid-Range,1.9,139,24.5,4307.06
2012,47765.5,130721,Petrol,Manual,First,SUV,2.0,216,27.8,7152.44
2013,13718.84,160168,Petrol,Manual,First,Economy,1.1,93,24.6,2005.22
2013,22679.43,144453,Petrol,Manual,First,Mid-Range,1.4,116,31.1,3350.49
2010,27628.08,162956,Diesel,Manual,Second,Mid-Range,1.6,128,28.8,4318.61
2023,20437.56,21798,Petrol,Automatic,First,Mid-Range,1.7,120,30.0,18023.71
2014,14389.38,99752,Petrol,Manual,First,Economy,1.3,81,28.8,2224.23
2016,49155.31,102679,Diesel,Manual,First,SUV,2.7,210,18.7,7287.81
2018,45924.43,81946,Petrol,Automatic,First,SUV,2.4,160,25.1,13616.87
2019,12520.01,43919,Petrol,Manual,First,Economy,1.1,83,32.0,4805.26
2017,19224.78,112121,Petrol,Automatic,Second,Economy,1.4,70,30.5,2830.36
2023,17954.95,21250,Petrol,Manual,Second,Economy,1.4,84,27.4,11297.45
2023,26477.08,20544,Petrol,Manual,First,Mid-Range,1.8,149,27.1,21464.84
2015,34114.49,153663,Petrol,Manual,First,Mid-Range,1.9,130,25.4,5096.23
2013,31776.08,168365,Petrol,Manual,Second,Mid-Range,1.7,130,25.7,4900.75
2019,13438.38,67919,Petrol,Automatic,First,Economy,1.4,87,30.6,5548.37
2015,31294.79,110443,Diesel,Automatic,Second,Mid-Range,1.7,158,25.0,4775.82
2019,27017.89,83311,Electric,Manual,First,Mid-Range,1.9,107,24.7,9870.67
2012,20739.1,177400,Diesel,Manual,Third,Mid-Range,1.8,151,24.7,3102.02
2015,65852.27,93998,Diesel,Automatic,Second,Luxury,3.8,339,14.9,9048.35
2017,16246.87,74489,Petrol,Automatic,Third,Economy,1.2,76,29.9,2289.8
2019,48253.86,34434,Electric,Manual,First,SUV,2.0,163,28.3,22403.94
2011,26800.56,176999,Petrol,Manual,First,Mid-Range,1.5,118,27.9,4276.62
2017,26709.99,88272,CNG,Manual,Third,Mid-Range,1.7,147,24.3,4080.86
2015,34261.99,152176,Electric,Automatic,First,SUV,2.6,199,25.0,5143.98
2017,39937.79,102331,Diesel,Manual,First,SUV,2.1,185,28.9,6671.19
2019,76347.32,86445,Electric,Manual,Second,Luxury,3.6,345,17.5,24020.73
2009,16604.01,157685,Diesel,Automatic,Second,Economy,1.1,74,29.1,2422.86
2019,13365.42,89999,Petrol,Manual,Third,Economy,1.2,86,30.6,2621.01
2019,37158.79,65550,Petrol,Manual,First,SUV,2.5,218,27.0,13188.6
2012,24998.63,176079,Diesel,Manual,Second,Mid-Range,1.7,159,26.3,3860.99
2016,16848.12,67404,Petrol,Manual,Second,Economy,1.3,69,26.5,2478.13
2011,17725.3,171528,Diesel,Manual,First,Economy,1.0,103,31.8,2768.54
2023,16717.83,8593,Electric,Manual,First,Economy,1.4,93,30.3,15763.62
2018,51136.71,76969,Petrol,Manual,First,SUV,2.4,219,24.2,12541.19
2013,16666.66,159644,Diesel,Manual,First,Economy,1.2,102,28.5,2427.3
2022,23139.32,27835,CNG,Automatic,Third,Mid-Range,1.7,130,29.3,13435.84
2008,16077.79,153199,CNG,Automatic,First,Economy,1.0,75,31.6,2193.08
2016,34709.72,126467,Electric,Manual,Second,Mid-Range,1.6,130,26.3,4937.67
2008,13068.12,193917,Petrol,Manual,Third,Economy,1.2,83,29.7,2199.49
2012,28560.25,130209,Electric,Manual,First,Mid-Range,1.4,148,26.0,4414.6
2011,16574.63,168855,Diesel,Manual,Second,Economy,1.4,71,30.1,2724.53
2020,32230.52,92749,Petrol,Manual,First,SUV,2.2,168,24.6,15061.39
2019,12935.03,88219,Petrol,Automatic,Second,Economy,1.1,77,29.2,3912.65
2023,21954.86,17720,Diesel,Manual,First,Mid-Range,2.0,122,25.9,18708.9
2020,33280.87,58038,Petrol,Manual,Third,SUV,2.2,197,25.2,11317.96
2020,36934.95,52901,Diesel,Manual,First,SUV,2.7,227,24.6,19872.35
2021,29610.65,23850,Diesel,Automatic,First,Mid-Range,1.7,106,28.5,20168.8
2010,23102.56,151317,Petrol,Manual,Second,Mid-Range,1.6,120,27.5,3203.75
2020,22694.89,45671,Diesel,Automatic,First,Mid-Range,1.8,128,28.4,15199.9
2013,49173.44,83027,Diesel,Manual,First,SUV,2.6,195,24.1,7323.96
2009,92043.42,137138,Petrol,Automatic,First,Luxury,2.7,381,22.0,13581.65
2010,40830.95,95774,Petrol,Automatic,Second,SUV,2.1,206,25.3,6159.35
2023,29642.5,26513,Petrol,Manual,First,Mid-Range,2.0,113,25.7,24251.51
2012,38599.5,176563,Petrol,Manual,First,SUV,2.3,227,25.7,5825.45
2022,24055.75,44357,CNG,Manual,First,Mid-Range,2.0,155,25.3,18095.95
2016,14021.3,109594,Petrol,Manual,First,Economy,1.4,105,27.9,2090.1
2009,24423.97,143756,Diesel,Automatic,First,Mid-Range,1.7,134,31.3,3450.61
2017,70506.53,56495,Petrol,Automatic,First,Luxury,2.5,280,25.6,16239.72
2015,18986.03,74346,Petrol,Automatic,First,Economy,1.2,72,28.1,2781.78
2021,45001.85,33162,Diesel,Automatic,First,SUV,2.6,157,24.4,33271.88
2009,12024.17,149725,Diesel,Manual,First,Economy,1.3,103,29.4,1909.24
2018,33982.01,80330,Petrol,Manual,Second,Mid-Range,1.5,156,29.0,6272.78
2020,12731.86,48656,Petrol,Automatic,First,Economy,1.4,96,29.0,6454.85
2012,22718.27,159783,Petrol,Manual,First,Mid-Range,1.7,118,29.7,3198.86
2014,41373.03,125563,Petrol,Automatic,First,SUV,2.6,161,24.0,6210.65
2015,34669.9,116541,Diesel,Manual,First,Mid-Range,2.0,115,25.9,5287.94
2008,35402.85,250000,Petrol,Manual,Second,SUV,2.8,194,24.5,5210.96
2013,38186.48,100563,Petrol,Automatic,First,SUV,2.3,184,25.1,5590.45
2008,63435.07,220718,Petrol,Manual,First,Luxury,2.9,415,22.2,9233.23
2009,16769.46,193657,CNG,Automatic,First,Economy,1.4,65,29.3,2512.48
2023,22782.89,20126,Electric,Automatic,First,Mid-Range,1.9,121,26.3,18580.47
2022,17504.24,43703,Petrol,Automatic,First,Economy,1.3,94,29.2,12364.84
2008,107575.53,238536,Diesel,Automatic,First,Luxury,3.0,285,20.3,15630.41
2018,101540.66,66377,Petrol,Manual,First,Luxury,3.9,322,15.9,30185.36
2012,22351.44,150001,Petrol,Automatic,Third,Mid-Range,1.7,128,25.4,3216.29
2017,32450.09,100734,Diesel,Manual,First,SUV,2.3,193,21.9,5537.45
2022,30200.69,32252,CNG,Manual,First,Mid-Range,1.7,148,25.6,22030.43
2016,20270.48,119383,CNG,Automatic,Second,Mid-Range,1.8,155,26.6,3237.89
2013,16330.68,154471,Diesel,Manual,Second,Economy,1.3,96,29.4,2604.24
2018,49751.26,117668,Petrol,Manual,First,SUV,2.3,161,24.1,10854.2
2018,16686.82,48045,Diesel,Manual,Second,Economy,1.2,100,24.9,4110.74
2008,45183.11,199155,Petrol,Manual,Second,SUV,2.5,214,26.9,6552.51
2020,48060.91,44481,Diesel,Automatic,First,SUV,2.3,191,26.8,27378.99
2008,33913.8,226295,Petrol,Manual,First,SUV,2.3,181,25.5,4976.67
2009,17185.67,120534,Diesel,Automatic,First,Economy,1.5,69,32.0,2649.21
2016,30193.28,111928,Petrol,Automatic,Third,Mid-Range,1.6,127,25.8,4624.17
2010,18176.25,154047,Petrol,Automatic,First,Economy,1.0,89,32.0,2807.11
2022,33461.29,25019,CNG,Manual,First,Mid-Range,1.9,114,24.5,25963.94
2008,15882.25,124619,Petrol,Automatic,Second,Economy,1.3,100,29.6,2604.24
2012,104495.02,135698,Petrol,Manual,First,Luxury,3.3,405,17.6,15771.95
2023,25897.56,18556,Petrol,Automatic,First,Mid-Range,1.7,120,27.4,23980.74
2014,24028.69,131051,Petrol,Manual,First,Mid-Range,1.6,121,28.6,3540.93
2013,30164.17,158302,Petrol,Automatic,First,Mid-Range,1.9,109,26.1,4792.71
2019,20923.15,92737,Petrol,Automatic,Second,Mid-Range,1.5,124,29.7,6802.13
2008,33275.23,207792,Diesel,Manual,First,Mid-Range,1.6,147,28.0,5242.95
2012,27054.86,129610,Petrol,Manual,Second,Mid-Range,1.5,130,27.2,4077.32
2022,83219.25,38963,CNG,Automatic,First,Luxury,3.8,377,16.8,60589.65
2012,20143.08,128376,Diesel,Manual,First,Mid-Range,1.8,152,28.5,2810.79
2013,95717.22,125767,Petrol,Automatic,Third,Luxury,3.1,403,19.7,14328.84
2010,38955.4,118091,Diesel,Manual,First,SUV,2.4,192,26.0,6291.2
2012,15346.9,188183,Petrol,Manual,First,Economy,1.3,91,31.6,2266.37
2014,63507.67,120963,Diesel,Automatic,First,Luxury,3.6,395,15.5,9900.11
2012,17499.72,153972,Petrol,Automatic,Second,Economy,1.2,81,31.9,2735.72
2012,49549.78,111965,Petrol,Automatic,First,SUV,2.2,201,29.2,7327.04
2012,34897.46,173323,Diesel,Manual,First,Mid-Range,1.7,155,27.9,5579.15
2017,51007.6,79296,CNG,Automatic,First,SUV,2.1,169,26.7,8929.06
2017,32299.97,91338,Diesel,Manual,First,SUV,2.8,158,24.5,5470.5
2010,35599.99,215498,Petrol,Automatic,Second,SUV,2.1,230,25.0,5095.52
2008,32408.03,237341,Diesel,Automatic,First,SUV,2.4,218,24.6,4661.96
2012,32935.02,145786,Petrol,Manual,First,Mid-Range,1.8,120,24.3,5023.31
2021,17393.76,32285,Petrol,Manual,First,Economy,1.1,92,30.3,10962.72
2016,26138.74,178651,Petrol,Manual,First,Mid-Range,1.5,107,29.2,3998.05
2021,18402.91,59859,Diesel,Automatic,Third,Economy,1.1,97,31.1,9441.0
2008,44085.19,240385,Petrol,Manual,First,SUV,2.4,199,26.3,6298.64
2010,24131.7,142736,Petrol,Automatic,Third,Mid-Range,1.9,128,24.9,3399.28
2020,79703.15,52463,Diesel,Manual,First,Luxury,2.9,337,20.9,42839.51
2020,30779.06,54825,Petrol,Automatic,First,Mid-Range,1.7,110,31.1,15924.35
2011,40255.17,217651,Petrol,Automatic,Second,SUV,2.2,166,24.8,5564.13
2021,14971.71,47057,Petrol,Manual,First,Economy,1.1,88,30.5,9474.75
2008,36070.71,158060,CNG,Manual,Second,SUV,2.4,193,24.1,5788.02
2008,78854.8,174200,Petrol,Manual,Third,Luxury,2.7,398,21.2,12749.14
2015,27469.64,148803,Petrol,Automatic,First,Mid-Range,1.6,107,31.0,4158.97
2023,30605.47,23806,Diesel,Automatic,First,Mid-Range,1.7,136,26.3,28452.21
2009,48214.61,250000,Diesel,Manual,Second,SUV,2.1,170,23.3,7727.55
2019,15981.2,85705,Petrol,Automatic,First,Economy,1.5,70,27.3,6143.44
2022,24882.55,34958,Diesel,Manual,First,Mid-Range,1.5,108,24.2,19647.08
2015,28005.88,27387,Diesel,Manual,First,Mid-Range,1.5,144,26.9,4258.73
2014,18465.26,141168,Diesel,Automatic,First,Economy,1.1,65,28.1,2896.33
2017,25053.83,90530,Petrol,Manual,Second,Mid-Range,1.5,138,29.5,3793.04
2017,12695.52,91112,Diesel,Manual,First,Economy,1.3,78,27.8,2442.3
2009,15424.15,184859,Petrol,Manual,First,Economy,1.1,73,31.8,2339.48
2013,12096.56,95248,Petrol,Manual,First,Economy,1.3,76,31.9,1679.85
2013,107957.88,164141,Petrol,Manual,First,Luxury,3.3,349,21.7,17369.28
2010,28601.02,199660,Petrol,Manual,First,Mid-Range,1.8,131,26.5,4086.9
2018,72763.83,88967,Petrol,Automatic,Second,Luxury,3.9,389,17.7,16488.26
2009,27566.32,237204,Diesel,Manual,First,Mid-Range,1.5,119,25.2,4116.29
2019,21016.95,71386,Petrol,Manual,Second,Mid-Range,1.8,133,26.6,6549.81
2008,24342.47,184534,Petrol,Manual,Second,Mid-Range,1.8,149,25.2,3858.54
2013,33336.79,135840,Petrol,Manual,First,Mid-Range,1.8,128,28.3,5108.07
2019,17532.04,63854,Petrol,Automatic,First,Economy,1.4,86,32.0,7611.36
2012,24698.76,161809,Electric,Automatic,First,Mid-Range,1.9,132,27.4,3783.1
2021,15108.25,48799,Petrol,Manual,First,Economy,1.4,74,24.7,8171.77
2021,26057.17,50966,Petrol,Automatic,Second,Mid-Range,1.9,145,25.7,14647.96
2018,37682.08,114955,Petrol,Manual,Second,SUV,2.2,178,25.3,5336.89
2016,14016.56,151803,Petrol,Manual,First,Economy,1.1,95,30.2,2120.48
2008,19856.62,198472,Petrol,Manual,First,Economy,1.2,80,28.1,2808.28
2023,33796.52,3992,Diesel,Manual,Third,SUV,2.3,156,25.1,23057.43
2022,26281.38,34349,Electric,Manual,Third,Mid-Range,1.8,138,24.4,17283.53
2022,16132.37,32645,Petrol,Automatic,First,Economy,1.2,67,27.7,12930.24
2014,60711.17,104268,Diesel,Manual,First,Luxury,3.3,267,21.4,9104.79
2022,16877.67,28067,Diesel,Automatic,First,Economy,1.1,69,28.0,13564.18
2012,35471.44,135360,Diesel,Manual,Third,SUV,2.2,170,26.2,5254.76
2012,67677.22,180118,Petrol,Manual,First,Luxury,3.9,394,14.7,10440.84
2021,15935.01,35805,Petrol,Automatic,First,Economy,1.2,73,32.0,10115.93
2009,16185.27,142806,Petrol,Manual,First,Economy,1.0,92,29.0,2548.42
2018,18432.87,91678,Diesel,Manual,First,Economy,1.4,72,28.3,5095.64
2010,25978.39,200319,Diesel,Automatic,First,Mid-Range,1.9,112,27.1,3814.96
2014,14105.97,146201,Petrol,Automatic,Third,Economy,1.1,75,28.9,2118.19
2013,50954.66,116006,Petrol,Automatic,First,SUV,2.4,183,24.5,7417.29
2023,13845.11,19172,CNG,Automatic,First,Economy,1.1,104,31.2,12341.62
2019,22146.22,60663,Diesel,Automatic,First,Mid-Range,1.9,124,28.4,9853.3
2009,91237.05,198003,Electric,Automatic,First,Luxury,3.8,296,19.5,14006.16
2013,41916.39,195841,Diesel,Manual,First,SUV,2.5,188,23.4,6669.74
2009,30022.71,100540,Petrol,Manual,First,Mid-Range,1.8,110,26.6,4341.44
2009,22109.8,177722,Diesel,Manual,First,Mid-Range,1.9,108,31.1,3294.82
2009,26053.23,131484,Diesel,Manual,First,Mid-Range,1.8,129,28.8,3998.13
2021,21898.18,26634,Petrol,Automatic,First,Mid-Range,1.5,133,26.4,14310.04
2022,23873.97,33104,Petrol,Automatic,First,Mid-Range,1.7,147,27.5,18572.18
2018,17493.2,88385,Diesel,Manual,Third,Economy,1.2,105,28.9,2696.85
2010,47357.22,194115,Petrol,Manual,Third,SUV,2.7,183,22.6,7488.33
2022,23046.06,31741,Diesel,Automatic,First,Mid-Range,1.4,112,26.2,17697.45
2009,14770.13,171005,Diesel,Manual,First,Economy,1.2,99,28.8,2111.08
2011,28792.74,145797,CNG,Automatic,Second,Mid-Range,1.8,144,30.5,4252.49
2016,25133.98,158003,Petrol,Manual,First,Mid-Range,1.6,137,29.0,3587.67
2013,34543.65,126825,Petrol,Manual,Second,SUV,2.1,229,20.6,5327.8
2008,38036.69,231561,Diesel,Manual,Third,SUV,2.1,220,28.0,5374.08
2015,39829.09,121738,Petrol,Manual,First,SUV,2.5,176,25.9,6671.28
2022,15285.6,22823,Diesel,Automatic,First,Economy,1.1,79,29.3,13063.36
2019,34153.48,43684,Diesel,Automatic,Third,Mid-Range,1.8,133,28.3,10853.25
2021,28763.37,45773,Petrol,Automatic,First,Mid-Range,1.4,133,27.0,19359.16
2014,16588.0,158517,Petrol,Manual,First,Economy,1.5,67,27.3,2284.57
2017,19010.34,106439,Petrol,Manual,First,Economy,1.4,75,31.7,3211.33
2010,50662.26,219550,Petrol,Automatic,First,SUV,2.0,209,25.5,7375.08
2008,12359.05,159604,CNG,Automatic,First,Economy,1.3,83,25.4,1842.69
2012,20434.95,212357,Diesel,Manual,Second,Mid-Range,2.0,131,25.9,2780.8
2020,12994.76,48758,Diesel,Manual,Third,Economy,1.3,84,29.0,4944.8
2011,16594.35,176463,Diesel,Automatic,First,Economy,1.1,68,32.0,2351.46
2017,18536.82,90402,Petrol,Manual,First,Economy,1.3,85,29.2,2822.93
2015,55701.61,112771,CNG,Manual,First,Luxury,3.8,351,17.1,8127.86
2008,43311.15,250000,Diesel,Manual,First,SUV,2.6,183,25.4,6146.59
2017,105440.42,80138,Diesel,Manual,First,Luxury,3.5,303,19.5,19616.0
2008,20065.39,129494,Diesel,Automatic,Third,Mid-Range,1.5,142,26.7,3043.79
2019,12759.07,66677,Petrol,Automatic,Second,Economy,1.5,70,30.6,4059.97
2011,23214.5,144285,Diesel,Manual,First,Mid-Range,1.6,126,28.2,3351.8
2015,20512.63,204218,Petrol,Manual,First,Mid-Range,1.8,129,26.9,3178.94
2012,45794.03,182126,Petrol,Manual,First,SUV,2.3,215,25.0,7762.94
2009,14487.78,164059,Petrol,Manual,First,Economy,1.4,93,26.6,2225.06
2013,32476.78,102006,Electric,Manual,First,Mid-Range,1.5,120,27.2,4648.09
2012,12077.6,82334,Diesel,Automatic,First,Economy,1.5,85,28.3,1778.39
2009,28678.78,143885,Diesel,Manual,Third,Mid-Range,1.5,123,27.9,4308.61
2020,39301.67,58323,Diesel,Manual,First,SUV,2.1,225,28.1,20080.29
2021,31331.56,53683,Diesel,Manual,First,Mid-Range,1.9,148,26.9,20485.43
2018,29570.05,96326,CNG,Manual,Second,Mid-Range,1.8,139,28.6,4914.44
2018,34796.21,81202,Petrol,Manual,First,Mid-Range,1.8,135,26.9,9550.72
2023,33086.94,19563,Petrol,Manual,First,Mid-Range,1.8,148,29.0,27242.87
2018,41657.89,82364,Petrol,Automatic,First,SUV,2.2,157,25.9,13377.3
2010,40875.67,160536,Diesel,Manual,First,SUV,2.4,216,24.2,6080.31
2022,57101.15,42340,Diesel,Manual,Second,Luxury,3.4,335,19.7,35812.81
2016,35150.01,94224,Petrol,Automatic,First,SUV,2.5,216,21.8,5846.5
2014,22462.77,128890,Petrol,Automatic,Second,Mid-Range,1.8,138,27.9,3061.96
2014,39874.38,59800,Diesel,Manual,First,SUV,2.1,228,25.5,5760.23
2023,30014.03,21909,Petrol,Automatic,First,Mid-Range,1.5,114,27.2,25401.39
2022,12704.05,34654,Diesel,Manual,Second,Economy,1.3,91,31.4,9556.55
2018,38267.39,62201,Electric,Manual,First,SUV,2.7,181,20.3,13992.7
2013,18908.62,119264,Petrol,Manual,First,Economy,1.2,81,28.8,3048.15
2023,102516.47,28442,Petrol,Automatic,First,Luxury,3.9,295,19.5,87298.33
2015,23686.25,73525,Diesel,Automatic,First,Mid-Range,1.9,156,27.1,3983.94
2011,32361.42,203607,Diesel,Manual,First,Mid-Range,1.7,120,27.3,4943.62
2015,38784.07,101668,Petrol,Manual,First,SUV,2.0,195,26.5,6101.88
2011,49029.69,154899,Electric,Automatic,First,SUV,2.3,202,25.0,7420.53
2015,23968.96,91373,Petrol,Manual,First,Mid-Range,1.8,152,23.9,3586.45
2016,20174.67,108242,Petrol,Manual,Third,Mid-Range,1.7,130,26.7,2988.1
2010,16735.32,250000,Diesel,Automatic,First,Economy,1.3,91,32.0,2483.99
2023,21001.25,22786,Diesel,Automatic,Second,Mid-Range,1.8,136,25.6,17802.46
2010,14199.83,135086,Petrol,Automatic,First,Economy,1.1,89,29.4,2169.08
2018,43086.45,98934,Diesel,Automatic,First,SUV,2.1,184,24.5,13390.81
2020,29656.56,48129,Diesel,Manual,Second,Mid-Range,1.6,145,27.6,14424.33
2023,44973.9,26392,Petrol,Automatic,First,SUV,2.3,210,23.5,33259.26
2009,12091.12,230644,Petrol,Automatic,Second,Economy,1.3,87,30.1,1859.91
2020,19540.88,27640,Diesel,Manual,First,Economy,1.3,80,29.5,11271.47
2017,37043.64,69792,Petrol,Manual,First,SUV,2.7,197,24.4,6903.35
2010,15812.54,217451,Petrol,Manual,First,Economy,1.1,79,27.9,2364.19
2010,13322.96,187501,Petrol,Manual,First,Economy,1.1,86,29.4,2019.22
2012,19455.55,110672,Diesel,Automatic,Second,Economy,1.5,69,27.8,3062.2
