Income,House_Age,Rooms,Bedrooms,Square_Feet,Property_Type,City_Tier,Price
36117.06,31.0,7.0,2.2,2425.1,Single Family,Tier 1,602000.01
150455.46,51.0,3.0,1.0,967.4,Single Family,Tier 3,543582.12
74253.56,5.0,4.0,1.9,1389.8,Single Family,Tier 2,522813.55
280412.07,19.0,7.0,2.7,2068.6,Single Family,Tier 2,1071545.75
22633.12,34.0,8.0,2.6,2347.0,Single Family,Tier 1,566310.55
22631.83,10.0,2.0,0.9,2814.3,Single Family,Tier 2,541569.42
17692.74,25.0,9.0,4.2,2569.6,Townhouse,Tier 1,585323.34
105505.39,2.0,6.0,2.4,2312.7,Single Family,Tier 1,750684.54
56358.7,11.0,4.0,2.1,1096.9,,Tier 1,451916.16
70406.25,50.0,7.0,3.5,2626.3,Condo,Tier 2,630277.09
15935.97,31.0,2.0,0.8,683.4,Condo,Tier 1,238019.7
172660.09,15.0,2.0,1.1,805.7,,Tier 1,609102.74
95389.33,9.0,3.0,1.5,1010.2,Single Family,Tier 2,520626.03
25740.94,23.0,5.0,2.5,1348.1,Condo,Tier 2,344858.25
24030.55,19.0,7.0,3.3,2397.3,Single Family,Tier 2,555084.01
24117.51,9.0,4.0,1.2,1425.5,Single Family,Tier 2,411821.3
31323.92,35.0,4.0,2.0,1378.9,Single Family,Tier 3,328704.98
48476.75,21.0,5.0,2.1,1865.0,Single Family,Tier 1,540475.39
40449.17,9.0,5.0,2.9,1637.1,Townhouse,Tier 1,501994.34
30490.03,28.0,4.0,2.2,1197.9,Condo,Tier 2,350007.92
57586.69,46.0,5.0,2.4,1550.1,Condo,Tier 1,452691.96
21760.55,51.0,6.0,2.3,1976.2,Townhouse,Tier 2,419135.79
30548.2,7.0,5.0,1.8,1645.1,Single Family,Tier 2,479172.17
35532.47,16.0,7.0,2.8,3123.7,Townhouse,Tier 3,620747.18
42402.06,16.0,8.0,3.5,3201.6,Single Family,Tier 3,661360.07
84207.12,33.0,4.0,,1509.9,Single Family,Tier 3,525663.49
25023.11,4.0,5.0,2.3,1839.2,Townhouse,Tier 1,462678.3
47491.31,4.0,6.0,,2171.9,Condo,Tier 3,518501.06
55387.71,39.0,9.0,5.3,3259.8,,Tier 1,760203.37
17140.37,40.0,6.0,2.0,2139.2,Condo,Tier 2,432006.68
57089.99,17.0,0.0,0.0,0.0,Single Family,Tier 2,218912.68
23413.26,37.0,4.0,,1065.3,Single Family,Tier 1,356442.91
18026.88,39.0,2.0,0.9,670.5,Single Family,Tier 2,237970.65
744079.75,52.0,6.0,3.1,2042.3,Townhouse,Tier 1,2060147.77
166678.37,29.0,9.0,3.9,2880.4,Condo,Tier 1,960615.34
89354.92,52.0,0.0,0.0,0.0,Townhouse,Tier 3,223271.89
31347.95,36.0,3.0,1.2,1086.1,Single Family,Tier 1,384469.33
19624.98,38.0,0.0,0.0,0.0,Single Family,Tier 1,200508.46
66873.78,39.0,8.0,3.8,2895.8,Townhouse,Tier 2,653010.19
41104.09,50.0,2.0,0.9,759.4,Single Family,Tier 3,254401.09
20856.85,37.0,4.0,1.9,1521.6,Single Family,Tier 1,406100.29
45759.63,52.0,4.0,1.5,1352.0,Apartment,Tier 2,350294.21
16574.72,35.0,5.0,2.1,1855.1,Condo,Tier 3,329347.34
123019.03,7.0,4.0,1.3,1120.6,Single Family,Tier 1,628006.73
28475.6,27.0,3.0,0.9,1003.9,Single Family,Tier 1,371633.14
63881.51,28.0,2.0,0.8,659.9,Single Family,Tier 3,316973.41
31809.6,22.0,8.0,2.6,3290.0,Townhouse,Tier 2,614237.25
240174.95,14.0,4.0,1.3,1453.9,Condo,Tier 3,812485.58
50605.07,7.0,5.0,2.7,1483.1,Condo,Tier 1,456010.12
24197.49,37.0,5.0,1.6,1868.9,Single Family,Tier 3,422650.7
172176.32,22.0,7.0,3.5,2704.7,Single Family,Tier 3,890342.86
82151.04,5.0,5.0,1.9,1732.1,Apartment,Tier 1,587927.8
141229.25,2.0,8.0,4.5,3020.9,Apartment,Tier 1,895589.44
116346.84,27.0,5.0,2.2,1250.9,Townhouse,Tier 3,539897.75
55997.45,21.0,4.0,1.6,968.1,Single Family,Tier 2,408571.58
129724.59,54.0,6.0,2.7,1817.1,Townhouse,Tier 2,601363.68
19169.5,38.0,5.0,2.1,1779.8,Condo,Tier 2,387742.68
24816.06,15.0,1.0,0.5,411.3,Townhouse,Tier 3,168904.43
17082.69,21.0,7.0,2.3,2134.6,Condo,Tier 3,476272.28
32708.94,10.0,4.0,2.4,1263.4,Single Family,Tier 1,426511.58
37145.86,23.0,4.0,1.7,1414.2,Single Family,Tier 1,424871.47
29245.22,39.0,4.0,1.6,1321.2,Single Family,Tier 3,347873.9
94405.1,5.0,6.0,3.1,1968.2,Apartment,Tier 3,614119.05
34855.21,1.0,6.0,2.5,1998.8,Townhouse,Tier 2,542802.38
29841.13,13.0,4.0,2.2,1610.4,Condo,Tier 3,437666.66
50208.32,21.0,5.0,2.2,1973.2,Single Family,Tier 2,497004.56
21835.42,26.0,4.0,2.1,1403.8,Apartment,Tier 1,368583.77
87921.76,50.0,4.0,1.3,1664.7,Condo,Tier 3,434309.64
18486.41,45.0,8.0,4.4,2962.9,Single Family,Tier 2,588269.12
210036.59,21.0,4.0,2.1,1584.6,Condo,Tier 1,862580.13
81576.77,53.0,7.0,2.5,2209.0,Single Family,Tier 1,635560.3
24969.27,18.0,7.0,2.4,2267.0,Single Family,Tier 3,515929.83
,37.0,9.0,3.6,2910.8,Single Family,Tier 3,567829.66
91045.35,45.0,6.0,3.6,2079.2,Apartment,Tier 1,591736.27
70219.32,32.0,5.0,1.9,1762.0,Apartment,Tier 1,564376.21
73754.83,36.0,10.0,4.4,12703.8,Single Family,Tier 2,1893737.27
81384.65,17.0,8.0,2.5,3431.4,Condo,Tier 3,754763.19
18461.82,35.0,5.0,2.1,1894.3,Townhouse,Tier 2,393685.94
34975.17,49.0,6.0,2.8,1976.4,Condo,Tier 2,435658.38
20541.75,11.0,1.0,0.6,349.9,Single Family,Tier 2,213661.97
104483.83,21.0,10.0,4.6,4102.0,Townhouse,Tier 1,1005188.51
58933.55,52.0,10.0,,3812.8,Townhouse,Tier 2,723546.43
33081.85,53.0,18.0,8.4,7374.1,Single Family,Tier 1,1338799.08
17955.06,26.0,6.0,1.9,1984.2,Single Family,Tier 3,452019.85
31761.98,4.0,8.0,3.2,2572.3,Townhouse,Tier 1,625488.34
32699.14,34.0,1.0,0.5,322.1,Single Family,Tier 2,199175.42
73854.41,52.0,7.0,4.1,2337.4,Apartment,Tier 1,635673.58
60670.02,48.0,6.0,3.3,1844.8,Single Family,Tier 2,541351.1
113201.34,18.0,5.0,1.8,1809.0,Apartment,Tier 1,628205.8
43757.98,40.0,5.0,1.8,1812.5,Single Family,Tier 1,482807.18
20731.76,35.0,8.0,2.9,3228.4,Single Family,Tier 1,649196.89
,41.0,2.0,1.2,559.2,Single Family,Tier 3,315073.09
79367.67,29.0,5.0,2.8,1561.2,Condo,Tier 2,494085.46
52074.94,52.0,5.0,2.7,1911.1,Condo,Tier 2,440276.64
81325.05,29.0,3.0,1.3,1072.0,Single Family,Tier 2,490383.47
45636.66,38.0,5.0,2.3,1759.0,Single Family,Tier 2,462654.23
48285.55,42.0,4.0,1.8,1602.2,Townhouse,Tier 2,402844.2
40101.64,21.0,3.0,1.1,928.8,Townhouse,Tier 3,281594.15
16158.65,42.0,8.0,,2566.8,Condo,Tier 2,543428.18
20137.53,13.0,4.0,1.2,1264.6,Single Family,Tier 1,366656.2
16437.02,49.0,4.0,1.4,1077.9,Townhouse,Tier 3,226515.4
60527.83,41.0,2.0,1.1,710.6,Condo,Tier 1,337521.38
31982.85,17.0,5.0,2.6,1645.4,Apartment,Tier 3,383966.05
46969.67,9.0,6.0,2.6,1924.1,Townhouse,Tier 1,513339.08
122156.95,41.0,4.0,1.8,1253.9,Single Family,Tier 2,564539.47
27903.25,1.0,4.0,1.6,1397.2,Single Family,Tier 1,421419.94
38772.69,2.0,1.0,0.5,318.1,Townhouse,Tier 3,215471.62
78393.71,48.0,3.0,1.6,1076.6,Townhouse,Tier 2,371791.48
26691.23,29.0,5.0,,1841.8,Condo,Tier 1,434311.6
18604.69,33.0,4.0,2.1,1352.9,Condo,Tier 1,370597.56
30396.31,10.0,5.0,1.8,1677.5,Townhouse,Tier 2,402108.18
22911.38,50.0,7.0,2.8,2501.9,Single Family,Tier 2,495788.19
134472.75,40.0,8.0,3.5,2790.8,Single Family,Tier 2,815522.58
89289.92,21.0,4.0,1.6,1612.8,Single Family,Tier 1,631716.89
60157.24,28.0,6.0,3.2,2176.4,Single Family,Tier 2,560838.22
107318.39,11.0,2.0,0.8,787.6,Townhouse,Tier 2,445728.55
88258.6,34.0,7.0,2.4,2620.9,Single Family,Tier 1,755749.16
24292.3,8.0,3.0,1.3,891.8,Single Family,Tier 1,343062.83
115386.6,22.0,9.0,5.3,2949.0,Single Family,Tier 2,828564.39
49879.5,8.0,3.0,1.1,1044.2,Single Family,Tier 3,380045.46
89130.67,49.0,5.0,2.4,1923.7,Single Family,Tier 1,613636.59
116890.92,15.0,3.0,1.3,1281.3,Townhouse,Tier 3,530872.87
32222.88,17.0,7.0,2.2,2314.4,Single Family,Tier 1,583838.37
20246.65,23.0,3.0,1.3,1056.6,Townhouse,Tier 2,272193.24
26640.9,24.0,6.0,3.1,2292.0,Townhouse,Tier 2,542615.36
,45.0,21.0,9.5,7301.4,Apartment,Tier 1,1315467.19
91672.34,19.0,3.0,1.7,1247.3,Single Family,Tier 2,464600.37
103710.52,5.0,2.0,0.8,592.2,Single Family,Tier 3,401563.58
15313.94,32.0,4.0,1.3,1508.5,Single Family,Tier 3,364340.76
47169.43,44.0,8.0,4.6,3013.8,Townhouse,Tier 1,649866.43
39312.3,1.0,5.0,2.1,1980.4,Apartment,Tier 1,515163.05
26302.53,23.0,10.0,4.7,3524.8,,Tier 3,649939.58
20745.62,37.0,4.0,2.2,1542.6,Townhouse,Tier 1,390725.93
33535.89,8.0,1.0,0.4,340.0,Single Family,Tier 2,223632.01
143840.45,13.0,4.0,,4451.2,Townhouse,Tier 1,1009365.46
32567.27,8.0,7.0,2.4,2184.8,Single Family,Tier 2,541709.13
47915.38,23.0,7.0,2.7,2046.4,Townhouse,Tier 1,500937.26
69633.91,43.0,6.0,2.1,1994.1,Townhouse,Tier 3,487318.7
35338.85,1.0,7.0,3.8,2537.2,Single Family,Tier 3,590827.9
175550.92,45.0,7.0,2.6,2391.7,Single Family,Tier 1,874708.34
162690.44,51.0,2.0,1.0,715.8,Condo,Tier 3,473253.95
28052.76,24.0,2.0,1.2,798.8,Single Family,Tier 2,284918.38
45944.67,35.0,9.0,4.1,2963.7,Single Family,Tier 1,713062.34
31106.87,24.0,1.0,0.5,443.6,Single Family,Tier 3,192787.57
30086.24,17.0,5.0,2.2,1901.0,Single Family,Tier 2,457685.76
16691.3,5.0,7.0,2.8,2394.9,Condo,Tier 1,550043.09
57322.14,20.0,3.0,1.3,1023.6,Townhouse,Tier 1,366424.69
46433.38,21.0,8.0,3.8,2477.4,Condo,Tier 3,555958.75
17378.3,40.0,6.0,3.6,2093.8,Single Family,Tier 3,470201.42
29698.17,31.0,7.0,4.1,1844.8,Condo,Tier 3,419729.87
122498.74,46.0,5.0,2.8,2001.2,Condo,Tier 1,618904.29
27323.72,36.0,3.0,1.7,712.0,Single Family,Tier 3,256949.36
22043.89,11.0,9.0,4.0,3165.0,Single Family,Tier 1,732470.0
45252.24,52.0,5.0,2.5,1521.2,Condo,Tier 3,344792.86
1029908.32,15.0,8.0,4.5,2575.6,Single Family,Tier 1,2836893.98
27471.52,19.0,12.0,5.0,3925.4,Single Family,Tier 2,802127.61
,7.0,5.0,2.9,2135.1,Single Family,Tier 2,587971.74
79524.94,51.0,6.0,,1835.2,Single Family,Tier 3,516670.33
27209.99,28.0,2.0,1.0,773.1,Single Family,Tier 3,263752.25
73623.7,51.0,2.0,1.0,792.8,Single Family,Tier 2,390077.25
35633.53,43.0,8.0,4.7,2051.7,Townhouse,Tier 2,485142.42
60022.67,5.0,3.0,1.1,976.2,Single Family,Tier 3,363353.94
60172.7,5.0,5.0,,2046.9,Condo,Tier 1,623595.63
,30.0,3.0,1.4,892.2,Single Family,Tier 3,342696.37
19258.31,54.0,5.0,,1989.7,Apartment,Tier 3,373056.32
96164.02,32.0,3.0,1.6,1047.9,Apartment,Tier 1,468629.03
32406.46,8.0,4.0,1.9,1390.2,Condo,Tier 1,419175.73
24289.44,10.0,5.0,2.5,1763.9,Apartment,Tier 1,447268.06
16873.34,38.0,6.0,2.4,2182.2,Condo,Tier 1,487461.33
55220.03,47.0,6.0,2.7,6547.3,Condo,Tier 2,1022207.67
65933.33,32.0,8.0,3.9,2716.7,Single Family,Tier 2,693440.7
15752.71,48.0,7.0,3.0,2553.8,Single Family,Tier 2,538896.15
47293.38,28.0,6.0,2.2,2142.5,Condo,Tier 1,568458.44
26557.09,17.0,8.0,4.7,2911.8,Single Family,Tier 2,659074.71
61625.6,31.0,9.0,4.1,2891.3,Condo,Tier 2,650857.05
23622.19,8.0,6.0,3.1,2251.8,Condo,Tier 3,500033.96
339197.82,40.0,7.0,3.0,2485.4,Single Family,Tier 1,1280769.96
37003.14,25.0,8.0,3.3,2294.2,Condo,Tier 2,543819.9
139215.47,9.0,2.0,0.8,657.5,Single Family,Tier 3,518790.41
108287.49,2.0,3.0,1.3,942.5,Single Family,Tier 2,521769.42
33770.96,15.0,2.0,0.9,627.3,Townhouse,Tier 2,243243.24
102099.96,50.0,4.0,1.9,4633.2,Single Family,Tier 1,939230.35
,3.0,7.0,3.1,2621.8,Townhouse,Tier 3,796808.05
109425.02,49.0,7.0,2.4,2274.5,Townhouse,Tier 2,652495.85
28424.73,36.0,9.0,4.0,3231.0,Single Family,Tier 3,653691.27
63544.32,4.0,6.0,2.1,2114.7,Condo,Tier 3,545961.83
91476.78,14.0,2.0,0.7,637.7,Townhouse,Tier 2,368611.52
51455.96,41.0,4.0,2.3,1344.8,Single Family,Tier 2,373446.23
48942.57,41.0,9.0,,3461.3,Single Family,Tier 1,790209.55
27459.47,25.0,3.0,1.5,1068.0,Condo,Tier 1,342823.59
19397.68,50.0,3.0,1.3,1115.9,Condo,Tier 2,252348.89
117380.55,10.0,9.0,5.2,3608.1,Single Family,Tier 2,923404.3
118804.85,21.0,3.0,1.5,1102.2,Single Family,Tier 2,580850.14
60120.15,36.0,7.0,3.7,1912.2,Condo,Tier 3,482706.14
33632.09,12.0,7.0,2.9,2525.8,Townhouse,Tier 1,598647.72
34330.54,27.0,3.0,1.8,975.8,Single Family,Tier 2,322163.42
73250.94,40.0,4.0,2.2,1689.6,Townhouse,Tier 2,439915.51
117334.38,2.0,1.0,0.6,366.0,Townhouse,Tier 1,452444.79
113150.97,54.0,3.0,1.1,978.3,Condo,Tier 3,382512.84
83110.3,13.0,5.0,,1863.3,Single Family,Tier 2,601419.71
61228.98,53.0,5.0,1.9,1768.2,Townhouse,Tier 2,453921.6
18955.13,32.0,6.0,2.3,1687.7,Single Family,Tier 2,404428.85
22933.24,31.0,1.0,0.6,384.5,Apartment,Tier 1,174467.48
117970.37,16.0,6.0,,2002.7,Condo,Tier 2,646246.56
56962.23,32.0,6.0,,2440.9,Condo,Tier 2,548279.5
15415.78,32.0,1.0,0.4,345.0,Townhouse,Tier 3,87322.76
19814.86,34.0,3.0,1.1,1222.7,Single Family,Tier 3,278015.7
64012.31,11.0,6.0,2.2,2202.0,Apartment,Tier 1,609382.25
15228.35,10.0,8.0,4.3,3111.7,Single Family,Tier 2,685701.17
22889.21,15.0,8.0,3.8,9249.2,Condo,Tier 1,1408408.69
50806.4,17.0,8.0,2.4,2913.0,Single Family,Tier 1,730139.92
67979.19,40.0,8.0,3.4,2247.6,Single Family,Tier 2,644833.64
62494.87,18.0,2.0,0.8,689.8,Townhouse,Tier 2,342778.42
26427.74,9.0,6.0,2.0,1743.7,Condo,Tier 1,466486.93
71043.78,25.0,4.0,2.0,1217.1,Condo,Tier 2,428509.07
27187.07,40.0,8.0,4.1,2514.9,Townhouse,Tier 2,544162.63
32713.57,14.0,11.0,5.7,4140.6,Single Family,Tier 1,905329.53
,25.0,2.0,1.0,2408.7,Apartment,Tier 3,546393.55
62194.82,50.0,5.0,1.5,1756.3,Single Family,Tier 1,508042.64
100138.02,22.0,10.0,5.9,3430.2,Condo,Tier 2,870024.47
63231.6,52.0,4.0,2.2,1572.9,Townhouse,Tier 3,428620.89
52801.99,30.0,8.0,4.6,2801.3,Single Family,Tier 2,697188.15
19426.07,20.0,4.0,1.2,1439.8,Single Family,Tier 3,335804.58
35628.73,21.0,3.0,1.7,981.6,Single Family,Tier 1,355232.04
28867.21,44.0,6.0,3.3,8315.5,Single Family,Tier 2,1238872.83
27586.51,32.0,7.0,3.9,2792.8,Single Family,Tier 2,622926.48
,51.0,4.0,1.3,1394.1,Single Family,Tier 2,692233.72
37472.44,46.0,7.0,3.7,2286.4,Single Family,Tier 3,507907.49
,49.0,4.0,2.4,1141.4,Townhouse,Tier 2,480748.94
59880.05,21.0,18.0,9.1,5674.6,Condo,Tier 3,1143899.22
86272.14,35.0,4.0,1.9,1053.3,Single Family,Tier 1,493758.42
46429.59,32.0,6.0,3.5,1881.4,Single Family,Tier 2,520137.69
53707.02,30.0,6.0,2.6,2185.7,Single Family,Tier 2,562828.91
45523.2,39.0,8.0,3.8,2783.9,Townhouse,Tier 2,580648.93
24774.67,49.0,7.0,3.1,3100.5,Condo,Tier 3,519432.22
72679.28,12.0,2.0,1.2,670.3,Townhouse,Tier 1,392438.46
29830.98,41.0,6.0,1.9,1992.2,Condo,Tier 2,382385.09
16107.74,47.0,4.0,1.8,1570.0,Townhouse,Tier 2,328027.46
61663.6,18.0,2.0,1.0,545.8,Townhouse,Tier 3,272148.92
23772.01,21.0,9.0,4.8,2616.6,Single Family,Tier 3,601007.74
141948.74,13.0,5.0,2.4,1882.8,Condo,Tier 1,735648.71
153490.31,21.0,3.0,1.7,1026.5,Apartment,Tier 1,607556.99
125857.94,8.0,2.0,1.2,686.2,Townhouse,Tier 2,449284.22
179014.66,46.0,6.0,1.9,1875.1,,Tier 2,724377.59
15700.98,40.0,3.0,,1078.8,Single Family,Tier 3,254095.54
133598.56,46.0,6.0,1.8,1906.1,Apartment,Tier 2,665817.64
,7.0,5.0,2.0,1764.5,Single Family,Tier 1,568054.83
168037.89,23.0,2.0,0.9,607.3,Single Family,Tier 2,582559.74
164118.1,44.0,7.0,4.0,2398.9,Single Family,Tier 2,820346.89
101282.42,32.0,6.0,3.3,2586.0,Apartment,Tier 3,641037.06
30694.92,11.0,5.0,1.7,1665.0,Condo,Tier 1,446350.2
36883.14,22.0,8.0,2.6,2757.8,Apartment,Tier 1,652485.68
100712.7,22.0,3.0,1.4,1025.7,,Tier 3,420079.89
32151.58,43.0,5.0,2.3,1784.9,Townhouse,Tier 1,433448.49
23357.34,25.0,5.0,1.9,1843.6,Apartment,Tier 2,435517.76
258090.82,22.0,4.0,2.3,1441.2,Apartment,Tier 2,853989.22
138808.21,28.0,3.0,1.7,1083.5,,Tier 2,548941.41
68587.15,29.0,3.0,1.3,1028.3,Single Family,Tier 1,468496.83
52985.06,13.0,5.0,2.8,1770.1,Townhouse,Tier 1,515642.91
98001.34,18.0,5.0,2.1,1707.2,Apartment,Tier 2,603950.38
57953.88,2.0,6.0,3.1,1665.0,,Tier 1,574211.67
222475.64,29.0,6.0,2.7,2731.3,Condo,Tier 2,968670.06
21791.43,21.0,6.0,2.0,2274.8,Apartment,Tier 1,495636.18
47872.29,15.0,6.0,3.5,1865.0,Condo,Tier 2,476983.47
109437.39,52.0,7.0,3.1,2514.4,Condo,Tier 3,655345.11
75751.54,27.0,2.0,1.0,592.3,Condo,Tier 1,339529.83
68733.35,50.0,5.0,2.1,1651.2,Single Family,Tier 1,535731.37
69552.94,31.0,3.0,0.9,872.2,Townhouse,Tier 3,365237.74
35047.16,15.0,1.0,0.3,348.0,Townhouse,Tier 2,208107.79
30640.29,51.0,8.0,3.6,2294.0,Condo,Tier 1,527105.65
89581.85,23.0,0.0,0.0,0.0,Townhouse,Tier 2,277543.94
89759.77,24.0,4.0,1.6,1509.2,Single Family,Tier 1,586266.85
105807.75,44.0,3.0,1.5,950.8,Single Family,Tier 1,482102.32
125007.72,13.0,3.0,1.5,1069.3,Townhouse,Tier 3,489629.17
,22.0,2.0,1.0,629.6,Townhouse,Tier 3,286924.66
46328.3,43.0,3.0,1.3,1111.4,Single Family,Tier 2,366200.08
87042.75,37.0,8.0,4.6,2579.6,Single Family,Tier 1,722522.44
62237.36,33.0,6.0,2.7,2289.4,,Tier 1,584207.61
69474.78,3.0,4.0,1.7,1110.1,Single Family,Tier 3,412810.21
86487.88,54.0,6.0,2.2,1858.8,Single Family,Tier 1,567379.58
,19.0,5.0,2.0,1528.2,Single Family,Tier 2,637758.86
33561.71,23.0,1.0,0.3,358.1,Townhouse,Tier 1,230122.42
36192.16,29.0,3.0,1.5,1116.6,Townhouse,Tier 2,325193.57
19441.32,30.0,3.0,1.1,1083.7,Single Family,Tier 1,370969.78
53853.63,39.0,3.0,1.2,988.9,Condo,Tier 1,368138.2
16647.18,44.0,9.0,4.8,2143.8,Single Family,Tier 3,496738.09
43197.31,47.0,2.0,0.8,703.1,Single Family,Tier 2,289151.81
50203.26,25.0,3.0,,1144.6,Single Family,Tier 1,454523.03
30193.38,37.0,5.0,1.8,2286.1,Single Family,Tier 2,537826.6
55213.46,47.0,4.0,2.1,1332.1,Single Family,Tier 1,454912.65
16393.88,8.0,3.0,1.0,970.2,Single Family,Tier 2,322038.71
16712.86,42.0,3.0,1.3,1088.4,Townhouse,Tier 2,259383.16
92820.81,16.0,0.0,0.0,0.0,Townhouse,Tier 1,308895.28
35096.33,8.0,2.0,1.0,802.0,Townhouse,Tier 2,276849.89
21115.01,1.0,7.0,3.4,2223.7,Condo,Tier 2,529064.6
48239.41,44.0,4.0,,1360.2,Single Family,Tier 3,374570.24
,5.0,3.0,0.9,1155.1,Apartment,Tier 2,437980.52
25940.31,3.0,11.0,4.3,3985.7,Single Family,Tier 1,880717.72
58884.88,1.0,2.0,,792.9,Townhouse,Tier 1,398996.53
19014.5,4.0,6.0,2.1,1995.2,Single Family,Tier 2,544128.22
17387.93,40.0,11.0,4.3,4405.8,Condo,Tier 1,834348.14
49105.9,35.0,3.0,1.2,850.3,Townhouse,Tier 2,320614.24
50005.97,32.0,5.0,2.3,1425.2,Single Family,Tier 2,468068.69
60654.19,42.0,6.0,3.0,2407.0,Townhouse,Tier 1,584917.88
73273.23,34.0,4.0,1.7,1401.2,Single Family,Tier 1,525786.51
182560.07,43.0,3.0,1.5,1160.5,Condo,Tier 2,637484.73
47683.1,25.0,10.0,4.0,3539.8,Townhouse,Tier 1,764835.99
32550.89,10.0,2.0,0.8,699.4,Single Family,Tier 3,278565.47
86354.43,21.0,4.0,1.8,1187.5,Single Family,Tier 2,517329.59
29213.32,46.0,7.0,2.1,2442.5,Single Family,Tier 3,512797.3
41009.25,39.0,6.0,1.9,2426.8,Townhouse,Tier 3,502866.08
18676.73,27.0,22.0,9.4,7749.9,Single Family,Tier 3,1392609.14
16155.49,27.0,5.0,2.9,1886.4,,Tier 1,447514.83
162932.1,2.0,7.0,3.6,2633.2,Apartment,Tier 3,877650.58
481747.72,41.0,1.0,0.3,309.5,Single Family,Tier 1,1217158.35
68578.92,48.0,6.0,3.3,2305.7,Apartment,Tier 1,618809.36
38663.68,13.0,5.0,2.6,1687.3,Townhouse,Tier 2,447416.14
23563.79,9.0,15.0,7.2,5094.2,Single Family,Tier 1,1060026.33
22655.43,52.0,6.0,3.3,2603.4,Single Family,Tier 1,569794.61
27960.27,36.0,3.0,1.3,1121.7,Condo,Tier 1,336840.84
50855.58,22.0,2.0,0.7,648.9,Single Family,Tier 1,346605.23
71423.22,42.0,5.0,2.3,1762.9,Single Family,Tier 2,540225.71
63572.57,26.0,7.0,3.3,2460.3,Single Family,Tier 1,646113.45
29778.55,54.0,3.0,1.4,1252.3,Condo,Tier 2,328897.88
154414.66,12.0,3.0,1.4,1054.7,Townhouse,Tier 3,570516.87
75255.78,17.0,4.0,2.3,1753.3,Townhouse,Tier 2,529755.71
51370.37,14.0,2.0,1.1,596.3,Single Family,Tier 2,342402.53
57571.37,14.0,3.0,,1046.1,Condo,Tier 3,347122.84
39481.7,34.0,5.0,2.7,1597.4,Apartment,Tier 1,427936.23
27809.76,53.0,7.0,4.1,2311.4,Single Family,Tier 2,496348.48
34800.64,20.0,5.0,1.6,1655.4,Single Family,Tier 3,447793.81
78818.18,11.0,7.0,2.7,2250.8,Condo,Tier 3,615839.94
15652.41,16.0,2.0,0.9,838.4,Condo,Tier 2,248013.93
20552.12,51.0,6.0,3.3,2441.4,Townhouse,Tier 1,490629.07
17119.25,31.0,4.0,1.8,1464.4,Apartment,Tier 3,310457.84
16871.17,6.0,2.0,1.0,662.1,Townhouse,Tier 1,256905.72
102039.14,19.0,6.0,,1936.0,Single Family,Tier 2,641392.54
69730.83,37.0,3.0,1.1,1139.0,Condo,Tier 2,376143.37
43925.31,4.0,3.0,1.6,1086.0,Townhouse,Tier 2,353491.24
19633.06,47.0,4.0,1.4,1376.8,Apartment,Tier 3,307296.13
45443.31,4.0,4.0,1.6,1486.6,Single Family,Tier 3,412265.58
43865.26,20.0,5.0,1.9,1928.2,Townhouse,Tier 2,469228.66
23558.76,10.0,4.0,1.6,1375.4,Condo,Tier 1,403518.64
40600.46,24.0,6.0,3.1,1911.0,Single Family,Tier 2,550556.72
37875.15,54.0,4.0,1.6,1188.6,Single Family,Tier 2,340011.22
58052.51,35.0,7.0,3.3,2520.2,Condo,Tier 2,561818.39
60365.15,26.0,9.0,3.0,3930.2,Single Family,Tier 3,828688.34
,37.0,3.0,1.6,916.7,Townhouse,Tier 3,217493.48
36122.28,38.0,4.0,1.6,1575.9,Condo,Tier 2,369562.86
59240.62,21.0,3.0,1.5,968.9,Single Family,Tier 1,441153.92
46474.78,54.0,4.0,2.1,1324.2,Apartment,Tier 2,364579.98
102360.73,40.0,5.0,1.8,1933.0,Condo,Tier 3,564892.56
63373.86,39.0,2.0,1.1,679.6,Townhouse,Tier 2,301206.56
23003.38,21.0,5.0,2.4,1799.7,Single Family,Tier 3,448701.78
18293.21,10.0,10.0,4.3,3591.6,Apartment,Tier 1,739189.51
61277.74,38.0,5.0,,1615.2,,Tier 2,489898.69
16209.11,46.0,5.0,2.9,1929.0,Single Family,Tier 2,432220.21
54660.63,4.0,22.0,11.6,7645.8,Single Family,Tier 2,1468739.72
141776.5,45.0,5.0,,1472.3,Single Family,Tier 3,627899.15
53555.21,20.0,7.0,2.8,2200.1,Townhouse,Tier 1,582769.62
37108.53,17.0,3.0,,676.0,Apartment,Tier 1,286759.26
61387.22,7.0,3.0,1.5,1056.2,Condo,Tier 2,397904.26
,4.0,6.0,3.2,2413.0,Single Family,Tier 1,625274.31
,29.0,4.0,,1232.5,Single Family,Tier 2,382897.66
142715.72,14.0,4.0,2.1,1493.7,Townhouse,Tier 1,644994.12
36956.74,3.0,2.0,0.8,734.4,Single Family,Tier 1,395631.3
161209.13,24.0,2.0,0.7,639.8,Condo,Tier 2,512508.16
121090.93,37.0,3.0,1.5,1234.4,Condo,Tier 2,512585.5
24805.33,16.0,4.0,2.4,1356.4,Condo,Tier 1,362454.08
18234.79,52.0,6.0,2.4,2582.5,Single Family,Tier 1,585630.83
19780.14,4.0,4.0,1.8,1138.3,Townhouse,Tier 1,362698.01
15827.54,24.0,5.0,,1696.2,Single Family,Tier 2,401880.27
19464.23,34.0,4.0,1.8,1376.0,Single Family,Tier 1,410838.34
66699.37,30.0,5.0,2.8,1741.9,Townhouse,Tier 2,526767.89
18323.23,18.0,8.0,4.2,3029.2,Apartment,Tier 2,585053.04
32287.07,19.0,4.0,1.3,1943.7,Condo,Tier 2,418394.71
98858.67,31.0,2.0,1.2,736.4,Apartment,Tier 1,470560.93
16059.62,19.0,2.0,1.1,701.9,Condo,Tier 2,215310.3
90803.87,49.0,3.0,1.7,918.5,Single Family,Tier 3,397451.2
29898.76,46.0,6.0,3.0,1646.4,Townhouse,Tier 1,381254.59
20658.76,19.0,4.0,2.2,1587.2,,Tier 1,438444.99
68691.99,22.0,3.0,,3445.4,Single Family,Tier 2,687045.55
59612.96,24.0,4.0,,1816.7,Townhouse,Tier 1,495146.5
109473.71,45.0,3.0,1.7,1154.2,Condo,Tier 2,421058.38
74773.21,12.0,8.0,2.9,2909.3,Townhouse,Tier 3,709919.92
88214.81,30.0,4.0,1.3,1463.1,Single Family,Tier 2,495307.64
29910.02,38.0,8.0,,2929.3,Single Family,Tier 2,583899.75
23790.0,53.0,4.0,2.2,1288.9,Single Family,Tier 2,316237.97
77494.04,31.0,4.0,1.4,1119.8,Single Family,Tier 1,518604.76
88989.41,36.0,1.0,0.6,328.0,Single Family,Tier 1,364033.56
224565.22,19.0,3.0,1.5,1047.8,Townhouse,Tier 3,701753.98
38943.57,48.0,8.0,3.6,2592.7,Condo,Tier 3,534768.65
35935.98,45.0,6.0,3.3,1791.3,Single Family,Tier 3,432986.78
82407.95,36.0,6.0,2.6,1920.4,Townhouse,Tier 3,549308.22
33753.02,30.0,9.0,3.2,3522.9,Single Family,Tier 1,757207.67
135156.21,49.0,4.0,1.5,1519.7,Apartment,Tier 1,602444.05
102967.76,33.0,3.0,1.4,1070.6,Single Family,Tier 2,536681.24
40216.0,18.0,8.0,3.7,10457.5,Condo,Tier 1,1568884.47
77540.31,52.0,3.0,1.6,914.2,Apartment,Tier 3,333500.26
78208.48,49.0,2.0,1.1,636.4,Condo,Tier 3,281414.07
19897.69,28.0,2.0,0.9,724.9,Single Family,Tier 3,184595.97
119780.06,47.0,7.0,3.7,2168.7,Townhouse,Tier 2,680822.03
46666.84,11.0,5.0,1.8,1771.7,Single Family,Tier 1,576279.25
93809.97,54.0,6.0,1.9,1797.0,Single Family,Tier 1,638335.52
32358.09,45.0,5.0,2.8,1420.1,Single Family,Tier 2,382435.46
116645.57,33.0,9.0,2.9,3415.0,Apartment,Tier 2,849354.72
37184.48,17.0,4.0,1.5,1564.3,Apartment,Tier 2,407108.88
15490.36,6.0,5.0,2.5,1623.8,Single Family,Tier 3,409017.79
121105.83,4.0,7.0,3.0,2024.3,Townhouse,Tier 3,689164.67
19307.65,20.0,3.0,1.7,785.0,Apartment,Tier 1,287737.5
32309.41,48.0,8.0,3.1,3389.4,Townhouse,Tier 1,658986.96
149863.76,47.0,5.0,1.5,1772.3,Single Family,Tier 2,694712.56
150357.73,27.0,5.0,,1628.4,Townhouse,Tier 1,714770.87
53339.88,15.0,2.0,0.9,670.9,Condo,Tier 3,334179.75
59965.35,6.0,8.0,3.3,2187.7,Townhouse,Tier 2,588272.99
41775.66,47.0,9.0,4.1,3373.2,Condo,Tier 1,705810.16
30616.03,14.0,3.0,1.7,1290.0,Single Family,Tier 2,374091.18
32931.89,11.0,4.0,2.3,1274.8,Single Family,Tier 2,409372.24
65234.56,39.0,4.0,1.5,1781.4,Single Family,Tier 3,495991.46
77812.7,9.0,4.0,1.8,1381.4,Single Family,Tier 1,547990.5
85568.79,26.0,9.0,4.2,3750.0,Townhouse,Tier 3,767134.43
85147.4,16.0,5.0,2.9,1811.4,Single Family,Tier 2,612069.05
19303.66,5.0,6.0,3.6,2173.5,Condo,Tier 2,480893.02
45692.23,52.0,7.0,2.6,2966.3,Single Family,Tier 1,658238.17
,10.0,11.0,5.7,4194.4,Condo,Tier 2,774889.91
50885.76,50.0,10.0,4.1,3649.9,Apartment,Tier 2,737165.47
41214.99,3.0,7.0,2.1,1906.4,Condo,Tier 2,497926.59
113397.84,13.0,4.0,1.2,1158.8,Apartment,Tier 3,487356.7
34448.62,43.0,5.0,,1841.7,Townhouse,Tier 2,386219.92
20602.77,49.0,4.0,1.8,1634.8,Single Family,Tier 3,335060.27
21943.84,30.0,5.0,1.5,1775.7,Apartment,Tier 1,438976.56
79504.37,54.0,6.0,3.0,1958.1,Condo,Tier 3,473456.65
58330.76,45.0,6.0,2.3,1658.6,Condo,Tier 1,512400.9
19797.39,6.0,0.0,0.0,0.0,Townhouse,Tier 3,78775.2
18953.5,17.0,4.0,1.6,1421.0,Townhouse,Tier 3,320811.25
69324.38,45.0,4.0,1.4,1263.0,Single Family,Tier 1,485768.65
18399.57,51.0,7.0,,2180.0,Condo,Tier 2,453366.51
92633.36,53.0,9.0,3.3,3131.6,Single Family,Tier 2,798482.97
70124.99,19.0,3.0,1.4,1223.8,Single Family,Tier 1,487651.57
,42.0,3.0,1.1,1132.2,Townhouse,Tier 2,259428.95
18989.42,35.0,4.0,1.8,5060.1,Townhouse,Tier 2,769918.0
209195.64,46.0,18.0,6.2,6435.7,Single Family,Tier 3,1558876.17
36097.69,26.0,5.0,2.5,1860.2,Condo,Tier 3,405526.73
35837.49,51.0,7.0,3.7,2419.2,Condo,Tier 2,511361.5
90400.89,5.0,17.0,5.7,5670.5,Townhouse,Tier 2,1215995.15
147397.4,29.0,8.0,3.5,3036.2,Townhouse,Tier 2,852810.23
,37.0,5.0,1.6,1704.9,Apartment,Tier 2,774232.32
77995.47,20.0,6.0,2.9,1814.7,Single Family,Tier 2,596086.8
36240.94,49.0,4.0,1.5,1630.9,Condo,Tier 2,349079.69
18923.73,21.0,5.0,2.3,1376.0,Single Family,Tier 3,384680.66
82555.91,10.0,9.0,4.1,3696.6,Single Family,Tier 2,868069.09
51781.22,5.0,3.0,1.7,1110.8,Townhouse,Tier 2,332013.79
39841.49,36.0,4.0,1.9,1244.9,Condo,Tier 3,330894.43
121570.7,6.0,5.0,2.4,1754.9,Single Family,Tier 2,622808.43
20304.61,26.0,4.0,,1331.4,Single Family,Tier 2,343997.58
45532.73,4.0,3.0,1.8,1146.9,Townhouse,Tier 2,417452.38
15513.84,39.0,9.0,4.8,3433.7,Townhouse,Tier 1,681568.93
43455.95,39.0,4.0,1.5,1473.8,Townhouse,Tier 2,396208.78
17607.77,50.0,5.0,2.8,1899.3,Single Family,Tier 2,390273.9
20692.09,35.0,4.0,1.7,1381.6,Townhouse,Tier 2,316585.22
,1.0,5.0,2.7,7358.2,Single Family,Tier 2,1157986.9
62140.58,24.0,5.0,2.7,1994.7,Single Family,Tier 2,566068.59
76676.9,36.0,9.0,3.2,2978.3,Townhouse,Tier 3,706599.67
54399.92,6.0,5.0,2.6,1912.2,Townhouse,Tier 3,518571.21
162362.41,41.0,8.0,3.1,3031.5,Single Family,Tier 2,935985.06
36140.85,54.0,5.0,1.9,1698.0,Single Family,Tier 3,374861.9
30141.11,46.0,2.0,0.8,672.9,Townhouse,Tier 2,224830.82
106327.61,44.0,3.0,1.6,1195.7,Single Family,Tier 3,470899.05
26388.69,31.0,2.0,0.7,698.8,Single Family,Tier 2,239896.87
,20.0,5.0,1.5,1802.0,,Tier 1,2251055.98
,24.0,3.0,1.5,1218.1,,Tier 1,386628.02
172613.71,25.0,3.0,1.1,1354.0,Single Family,Tier 2,686352.26
16985.35,36.0,6.0,2.0,1973.6,Condo,Tier 2,418410.51
114797.46,21.0,6.0,2.2,2047.0,Condo,Tier 2,612539.1
48756.45,30.0,6.0,2.5,2117.8,Townhouse,Tier 2,528870.96
238057.29,24.0,5.0,2.2,1769.3,Townhouse,Tier 1,924112.93
18449.76,44.0,4.0,1.3,1460.2,Condo,Tier 1,354019.97
51319.93,42.0,2.0,1.2,660.8,Apartment,Tier 2,237749.15
171760.88,30.0,6.0,3.1,1796.1,Townhouse,Tier 1,740520.16
48319.98,22.0,5.0,2.0,2100.8,Single Family,Tier 2,578527.26
59668.27,28.0,4.0,1.6,1497.9,Townhouse,Tier 2,408430.77
68545.56,7.0,4.0,1.7,1333.0,Single Family,Tier 3,471048.02
42275.75,35.0,4.0,2.0,1469.9,Townhouse,Tier 1,394025.37
59445.34,28.0,7.0,2.4,2963.2,Townhouse,Tier 1,637988.71
54502.16,14.0,4.0,1.4,1273.9,Condo,Tier 2,415934.89
119140.47,10.0,5.0,2.8,1792.2,,Tier 2,643253.62
17093.02,16.0,4.0,1.5,1177.6,Single Family,Tier 1,352343.29
29842.92,16.0,3.0,1.2,1035.8,Single Family,Tier 3,343916.01
150179.82,54.0,6.0,3.4,2248.0,Single Family,Tier 1,780821.52
114435.41,31.0,7.0,3.5,2137.9,Single Family,Tier 2,685451.4
42367.89,42.0,8.0,3.2,2740.1,Single Family,Tier 1,634657.19
58556.99,25.0,3.0,,1146.0,,Tier 2,429768.85
29619.3,13.0,3.0,0.9,1120.7,Single Family,Tier 2,321572.19
24378.19,6.0,6.0,3.1,1822.2,Apartment,Tier 1,456248.78
43037.64,44.0,3.0,1.3,1094.9,Single Family,Tier 3,332897.15
34617.91,9.0,18.0,,6702.3,Single Family,Tier 2,1276606.26
54430.97,45.0,3.0,1.8,1063.0,Single Family,Tier 2,348863.49
18641.5,36.0,4.0,2.3,1574.3,Townhouse,Tier 1,398453.44
179923.21,43.0,4.0,2.3,1305.7,Single Family,Tier 2,669652.33
207773.95,20.0,1.0,0.5,366.5,Townhouse,Tier 1,613911.67
68903.87,18.0,5.0,2.0,1517.0,Single Family,Tier 3,486205.14
49563.53,43.0,10.0,4.4,2859.7,Townhouse,Tier 2,634868.43
31667.07,21.0,4.0,2.0,1525.0,Condo,Tier 3,349557.65
90640.82,4.0,9.0,5.1,3157.4,Single Family,Tier 2,834994.14
,50.0,2.0,0.7,662.9,Single Family,Tier 3,298079.54
22986.31,33.0,5.0,,1537.0,Townhouse,Tier 2,357767.6
123823.55,27.0,9.0,4.9,3447.8,Condo,Tier 1,936449.77
92804.75,7.0,8.0,4.7,2317.4,Townhouse,Tier 1,715214.43
149628.23,6.0,2.0,1.1,779.4,Townhouse,Tier 2,550352.66
73212.18,15.0,3.0,1.2,1104.1,Condo,Tier 2,414535.61
57768.18,18.0,3.0,1.0,875.1,Townhouse,Tier 1,388822.41
39376.61,32.0,4.0,1.3,1420.2,Single Family,Tier 2,425205.23
136455.83,11.0,2.0,0.8,912.3,Single Family,Tier 2,534673.14
,20.0,6.0,2.9,2385.5,Condo,Tier 2,1615947.47
17082.28,24.0,2.0,1.1,633.8,Condo,Tier 1,236588.88
16202.44,15.0,6.0,3.4,2272.0,Apartment,Tier 2,452066.36
36255.65,48.0,5.0,2.4,1466.8,Apartment,Tier 1,414696.11
89864.15,7.0,6.0,1.8,1770.9,Condo,Tier 1,609299.36
211392.4,21.0,4.0,1.4,1389.2,Townhouse,Tier 2,765120.9
22335.43,42.0,3.0,1.0,1116.2,Condo,Tier 1,249432.76
55577.59,26.0,3.0,1.2,1147.4,Single Family,Tier 1,454275.5
36576.32,44.0,2.0,0.9,766.0,Townhouse,Tier 1,327391.5
172666.88,14.0,7.0,2.2,2588.5,Single Family,Tier 2,909537.45
98066.09,37.0,3.0,1.2,856.3,Single Family,Tier 1,479832.84
96998.55,21.0,7.0,2.5,2432.9,Condo,Tier 1,701923.69
43458.7,18.0,3.0,,1166.2,Townhouse,Tier 2,361070.09
39112.57,5.0,4.0,1.8,1470.9,,Tier 2,441476.73
29372.5,3.0,4.0,1.8,1429.1,Single Family,Tier 3,411467.1
,23.0,6.0,2.6,2179.0,Condo,Tier 2,488075.34
105019.18,26.0,4.0,2.3,1450.0,Townhouse,Tier 2,541663.35
,37.0,2.0,0.7,542.8,Townhouse,Tier 2,337179.29
382760.05,24.0,20.0,9.1,7923.9,Single Family,Tier 1,2207832.15
271269.3,49.0,5.0,2.6,1727.9,Single Family,Tier 3,918175.3
51479.32,19.0,4.0,1.9,1513.2,Single Family,Tier 2,459826.44
80937.74,51.0,6.0,3.5,1546.6,Townhouse,Tier 1,492088.45
145327.73,25.0,5.0,2.1,2082.2,Condo,Tier 3,702323.51
100264.74,21.0,2.0,0.9,607.5,Single Family,Tier 1,475662.6
27786.86,12.0,4.0,1.3,1806.6,Single Family,Tier 3,408553.01
41947.21,41.0,4.0,1.9,1739.1,Single Family,Tier 3,382188.96
21223.34,33.0,6.0,2.3,1782.0,Townhouse,Tier 2,416290.79
153610.07,50.0,6.0,2.1,2296.1,Single Family,Tier 1,776605.95
56933.15,53.0,6.0,2.8,1855.9,Townhouse,Tier 1,502035.87
26682.17,4.0,20.0,,6488.5,Townhouse,Tier 1,1250327.4
65122.33,42.0,6.0,1.9,1952.0,Condo,Tier 1,559103.89
291600.85,7.0,4.0,2.0,1471.7,Townhouse,Tier 2,976953.44
34953.92,22.0,8.0,3.9,2903.9,Single Family,Tier 3,608539.16
20424.26,33.0,6.0,2.1,1811.6,Townhouse,Tier 2,421486.89
65104.86,17.0,2.0,0.9,735.2,Townhouse,Tier 2,326264.9
48057.47,24.0,5.0,2.6,1709.2,Single Family,Tier 2,488407.09
81591.32,34.0,5.0,2.3,1385.9,Townhouse,Tier 3,446796.83
48043.94,28.0,9.0,3.8,2993.7,Apartment,Tier 1,737309.82
101029.66,43.0,7.0,2.8,2914.9,Single Family,Tier 2,754067.64
51123.94,41.0,3.0,1.4,1002.0,Townhouse,Tier 3,261070.55
52040.16,39.0,9.0,5.2,2489.2,Condo,Tier 3,553098.88
109174.14,22.0,6.0,3.0,2295.5,Townhouse,Tier 3,660000.64
38249.13,49.0,3.0,1.0,938.7,Condo,Tier 2,268310.58
21474.96,17.0,8.0,3.5,2868.6,Single Family,Tier 1,657378.1
16314.23,34.0,4.0,2.3,1372.5,Single Family,Tier 2,342150.12
,6.0,7.0,2.3,2943.3,Townhouse,Tier 1,692958.64
58577.95,46.0,10.0,6.0,3431.5,Condo,Tier 2,710889.76
69794.94,6.0,6.0,3.5,1825.3,Apartment,Tier 2,544838.85
25776.67,34.0,6.0,1.9,1987.5,Single Family,Tier 2,440016.36
21597.56,1.0,3.0,1.7,902.5,Townhouse,Tier 3,242043.41
15659.32,10.0,4.0,1.6,1366.5,Single Family,Tier 2,370632.56
34425.93,21.0,2.0,1.1,841.6,Single Family,Tier 1,340900.73
55112.88,5.0,6.0,2.6,2399.6,Single Family,Tier 1,667092.66
37409.18,2.0,6.0,2.6,2589.9,Single Family,Tier 3,581149.35
40889.38,22.0,5.0,2.5,1845.9,Single Family,Tier 1,533211.31
120527.77,48.0,5.0,2.7,1778.6,Single Family,Tier 1,647994.68
34264.62,2.0,5.0,1.6,1550.3,Single Family,Tier 1,504254.48
47468.63,10.0,5.0,2.4,1803.9,Apartment,Tier 2,504325.31
83889.23,34.0,5.0,,1723.9,Condo,Tier 1,557406.97
37728.61,16.0,2.0,0.8,762.3,Single Family,Tier 3,286577.44
58789.07,48.0,3.0,1.2,915.3,Condo,Tier 3,273720.76
104241.33,51.0,1.0,0.4,352.1,Townhouse,Tier 3,293123.31
149378.57,39.0,3.0,1.2,861.2,Condo,Tier 1,551814.6
22158.68,22.0,3.0,1.0,1090.5,Single Family,Tier 3,315450.7
662624.12,12.0,5.0,1.7,1885.2,Townhouse,Tier 3,1774152.82
45487.63,24.0,6.0,1.9,1710.8,Condo,Tier 3,428811.14
28443.1,47.0,5.0,2.2,1482.0,Single Family,Tier 2,398406.37
42656.41,40.0,4.0,2.3,1192.6,Apartment,Tier 2,342548.94
191114.39,38.0,5.0,1.7,1714.5,Condo,Tier 1,774938.27
45532.11,10.0,6.0,3.5,1764.6,Apartment,Tier 3,448996.02
32937.72,35.0,3.0,1.6,1215.4,Single Family,Tier 1,365336.31
60156.88,51.0,1.0,,367.4,Single Family,Tier 1,303816.11
27358.28,49.0,3.0,1.5,1121.9,Single Family,Tier 3,295512.09
18550.29,32.0,5.0,2.7,1432.2,Apartment,Tier 2,312011.38
21208.88,7.0,5.0,1.7,2008.6,Single Family,Tier 1,535588.57
21165.83,21.0,4.0,1.8,1503.9,Townhouse,Tier 3,314745.15
22414.2,20.0,3.0,1.5,968.1,Single Family,Tier 3,284965.59
21725.7,26.0,5.0,2.4,1441.6,Single Family,Tier 1,467672.05
61083.78,4.0,4.0,,1387.8,Single Family,Tier 3,494161.08
24033.59,46.0,5.0,1.6,1656.7,Townhouse,Tier 2,333547.59
34086.27,52.0,9.0,4.6,2997.0,Condo,Tier 2,572653.01
117193.84,22.0,3.0,1.4,965.3,Single Family,Tier 1,537248.41
43907.15,15.0,6.0,2.5,2273.1,Condo,Tier 1,599097.58
64558.01,40.0,3.0,1.2,737.9,Townhouse,Tier 1,341435.16
23510.78,21.0,8.0,3.9,3257.6,Townhouse,Tier 1,633949.73
24609.79,15.0,5.0,2.8,1949.6,Townhouse,Tier 3,435745.27
16877.72,22.0,5.0,2.2,1792.1,Single Family,Tier 2,443666.25
23327.13,52.0,3.0,1.6,1032.7,Single Family,Tier 3,308863.62
29694.67,28.0,5.0,2.1,1966.6,Condo,Tier 2,445560.11
23766.53,14.0,2.0,0.7,696.6,Single Family,Tier 1,314443.02
19179.87,27.0,4.0,1.3,1355.5,Townhouse,Tier 3,303503.88
20785.03,41.0,8.0,2.5,3164.4,Single Family,Tier 3,593193.95
42793.32,40.0,4.0,1.7,1734.9,Condo,Tier 1,466448.42
25399.15,28.0,6.0,2.4,1867.0,Single Family,Tier 1,529478.65
35384.15,26.0,8.0,4.1,10275.8,Townhouse,Tier 2,1459079.74
46500.23,49.0,2.0,1.0,613.1,Single Family,Tier 2,296921.69
67760.58,2.0,3.0,0.9,1110.2,Apartment,Tier 3,369475.52
16804.76,25.0,7.0,2.6,2232.1,Single Family,Tier 1,594098.29
436461.2,3.0,4.0,1.5,1593.8,Townhouse,Tier 1,1364217.24
59486.72,8.0,8.0,3.7,2768.0,Townhouse,Tier 2,641665.65
18838.29,44.0,4.0,1.4,1407.4,Condo,Tier 2,313316.61
108066.06,33.0,4.0,1.4,1661.0,Single Family,Tier 1,643324.47
129151.21,42.0,4.0,2.3,1282.7,Condo,Tier 2,526185.15
17836.03,52.0,6.0,3.2,2264.4,Single Family,Tier 2,442235.86
,35.0,7.0,2.5,2272.6,Single Family,Tier 2,533845.2
88842.08,6.0,2.0,0.8,795.7,Townhouse,Tier 1,436549.76
77071.08,39.0,5.0,2.0,2107.4,Condo,Tier 2,523352.89
24179.08,52.0,5.0,2.7,1697.4,Townhouse,Tier 3,360206.05
25570.46,23.0,5.0,2.3,1311.2,Condo,Tier 3,301217.74
35825.33,25.0,4.0,1.4,1289.9,,Tier 1,427446.19
44819.82,50.0,6.0,3.1,2683.8,Apartment,Tier 1,580300.05
58335.08,43.0,4.0,1.7,1305.3,Single Family,Tier 3,405548.04
35714.07,19.0,5.0,1.9,2104.2,Townhouse,Tier 2,496888.92
42940.1,5.0,4.0,1.7,1303.0,Townhouse,Tier 2,391026.8
76930.3,51.0,3.0,1.3,974.3,Townhouse,Tier 2,308891.81
16681.78,11.0,3.0,1.2,1143.5,,Tier 1,363984.68
28092.15,12.0,4.0,1.5,1505.5,Townhouse,Tier 2,393575.34
71227.13,10.0,3.0,1.3,1152.3,Single Family,Tier 2,456087.99
116509.5,8.0,7.0,2.1,2451.4,Single Family,Tier 2,774150.92
47255.06,24.0,7.0,3.7,2739.6,Single Family,Tier 1,685439.9
49178.83,28.0,6.0,2.1,2330.8,Townhouse,Tier 3,523445.49
20101.26,41.0,5.0,1.6,1979.8,Single Family,Tier 2,402871.71
41691.45,36.0,4.0,2.0,1300.2,,Tier 2,395175.16
49227.31,37.0,4.0,2.1,1565.4,Single Family,Tier 3,413841.47
27496.18,21.0,7.0,3.8,2304.0,Single Family,Tier 2,549277.08
,8.0,6.0,2.7,2062.3,Condo,Tier 3,418534.15
36314.92,9.0,3.0,1.1,1028.7,Apartment,Tier 3,329996.71
15912.39,47.0,4.0,2.1,1240.3,Single Family,Tier 2,318578.14
,15.0,4.0,2.0,1122.3,Townhouse,Tier 2,347661.66
25690.06,48.0,4.0,1.5,1595.8,Townhouse,Tier 3,351733.32
32853.72,46.0,7.0,4.0,2253.4,Townhouse,Tier 1,527175.65
20740.34,40.0,6.0,2.0,2035.3,Townhouse,Tier 1,427062.11
114543.6,18.0,7.0,4.2,2245.4,Single Family,Tier 3,709114.95
55517.95,42.0,3.0,1.7,1019.2,Townhouse,Tier 3,318541.42
66148.48,20.0,5.0,2.5,1648.8,Single Family,Tier 3,501517.57
,6.0,5.0,2.9,2005.8,Single Family,Tier 1,695748.64
46051.64,12.0,4.0,2.1,1305.5,Townhouse,Tier 1,412456.68
19091.94,2.0,5.0,1.8,2092.9,Townhouse,Tier 1,516654.03
49661.63,7.0,2.0,0.9,791.1,Single Family,Tier 2,373573.93
54776.54,16.0,6.0,1.9,1986.1,Townhouse,Tier 2,522419.64
76569.75,3.0,2.0,0.8,725.6,Condo,Tier 2,379550.22
40426.56,45.0,3.0,1.6,1112.3,Condo,Tier 1,319863.25
21141.81,3.0,3.0,1.2,1151.0,Townhouse,Tier 2,310886.0
30019.3,27.0,5.0,2.0,1938.1,Townhouse,Tier 2,443756.01
35300.17,50.0,0.0,0.0,0.0,Townhouse,Tier 1,140678.02
61720.11,43.0,9.0,5.1,2806.4,Single Family,Tier 3,663157.93
53060.18,40.0,4.0,1.3,1502.5,Single Family,Tier 1,494886.31
34809.3,38.0,2.0,0.8,681.1,Single Family,Tier 2,235565.13
208778.81,33.0,5.0,1.7,1192.2,Townhouse,Tier 3,711160.16
56887.49,28.0,3.0,1.5,1096.8,Townhouse,Tier 2,394703.25
135928.77,1.0,2.0,0.7,641.3,Apartment,Tier 1,523258.5
19830.44,8.0,5.0,2.5,1658.3,Condo,Tier 1,409140.06
22464.97,37.0,5.0,1.9,1751.2,Single Family,Tier 3,388385.58
27703.81,32.0,3.0,1.1,863.6,Single Family,Tier 1,306834.21
22882.42,48.0,4.0,2.3,1422.2,Single Family,Tier 2,358924.62
24292.13,43.0,2.0,0.6,674.7,Condo,Tier 3,177328.41
,37.0,9.0,3.9,2834.2,Condo,Tier 3,569303.71
23568.11,4.0,13.0,4.0,4574.0,Apartment,Tier 2,879310.62
117183.82,30.0,4.0,1.8,1129.6,Townhouse,Tier 3,487270.53
93818.04,6.0,3.0,1.4,1059.1,Condo,Tier 3,446298.38
48453.56,46.0,9.0,3.6,3319.4,Townhouse,Tier 2,651774.75
38773.75,54.0,2.0,0.7,724.4,Condo,Tier 1,270354.34
196738.9,19.0,4.0,1.7,1526.2,Condo,Tier 1,808136.29
20347.23,32.0,7.0,3.5,2776.3,Townhouse,Tier 1,551285.3
189133.05,9.0,3.0,1.6,1040.2,Townhouse,Tier 3,647287.83
172007.68,12.0,4.0,1.8,1575.3,Condo,Tier 2,729943.51
105280.98,11.0,7.0,3.3,2426.2,Single Family,Tier 3,697458.39
91439.84,46.0,3.0,1.1,966.1,Single Family,Tier 3,428852.5
28422.38,16.0,8.0,3.1,2674.3,Single Family,Tier 2,610807.13
23432.98,1.0,6.0,2.1,2164.1,Townhouse,Tier 2,511268.27
64705.18,45.0,6.0,2.2,2360.4,Townhouse,Tier 1,571115.38
134267.33,53.0,8.0,2.9,2800.5,Single Family,Tier 3,793663.19
51614.27,21.0,3.0,1.4,969.2,Single Family,Tier 2,350280.95
53147.74,30.0,6.0,2.8,2446.6,Single Family,Tier 2,604265.5
29781.38,13.0,20.0,11.7,5852.1,Townhouse,Tier 1,1187151.38
81036.32,34.0,8.0,2.9,2586.5,Single Family,Tier 3,684675.26
24318.51,4.0,10.0,,3857.1,Single Family,Tier 3,777386.36
32598.95,28.0,2.0,1.1,841.3,Single Family,Tier 2,298254.18
39936.5,38.0,4.0,1.9,1476.9,Single Family,Tier 2,380936.8
46881.82,31.0,6.0,,2160.0,Condo,Tier 2,525978.33
27492.57,27.0,4.0,1.5,1353.5,Single Family,Tier 1,415730.35
102446.24,5.0,6.0,1.9,2231.5,Condo,Tier 1,711035.85
57443.98,25.0,4.0,1.6,1420.7,Townhouse,Tier 2,414156.31
30325.35,3.0,7.0,3.7,2238.7,Apartment,Tier 1,601938.73
54170.39,33.0,5.0,,1688.2,Single Family,Tier 2,476806.03
22544.91,4.0,1.0,0.4,315.3,Single Family,Tier 2,216512.86
44525.46,25.0,4.0,2.0,1402.2,Single Family,Tier 2,395984.56
49224.63,20.0,12.0,6.4,4277.7,Single Family,Tier 1,945874.4
17394.66,34.0,10.0,4.4,4153.8,Townhouse,Tier 2,774086.79
33467.26,26.0,4.0,2.0,1304.4,Single Family,Tier 1,427458.71
21495.72,5.0,3.0,1.2,1028.3,Single Family,Tier 2,345229.71
17946.25,35.0,6.0,2.1,2402.2,Condo,Tier 2,486210.46
222054.06,28.0,6.0,2.5,2533.2,Townhouse,Tier 3,918147.43
32510.85,29.0,5.0,2.4,6457.3,Single Family,Tier 1,1076585.39
89703.18,9.0,2.0,1.2,679.7,Single Family,Tier 3,431067.63
28225.0,52.0,9.0,2.9,2979.7,Single Family,Tier 1,646400.79
66486.36,38.0,6.0,2.7,1657.7,Apartment,Tier 2,451981.07
79262.98,50.0,4.0,1.6,1251.6,Condo,Tier 2,429357.2
55745.1,6.0,6.0,2.7,2124.4,Condo,Tier 2,557816.84
43703.55,19.0,8.0,2.5,2742.1,,Tier 2,592480.75
38884.1,44.0,2.0,0.8,749.9,Townhouse,Tier 2,230168.98
34306.95,11.0,2.0,1.1,684.4,Single Family,Tier 1,326778.48
134365.02,2.0,6.0,2.8,1925.7,Single Family,Tier 3,723241.76
94902.32,47.0,6.0,2.6,2181.9,Condo,Tier 1,650163.52
165892.94,44.0,4.0,1.5,1800.8,,Tier 1,735333.02
20972.78,44.0,9.0,3.5,3035.8,Single Family,Tier 1,674447.1
74064.81,9.0,3.0,,1066.7,Townhouse,Tier 1,445300.82
140375.73,21.0,5.0,,1919.4,Apartment,Tier 2,724355.06
23998.01,24.0,8.0,4.7,2617.1,Single Family,Tier 2,589709.89
18096.46,34.0,5.0,2.2,2004.6,Condo,Tier 1,432782.22
75812.69,22.0,5.0,,1434.2,Single Family,Tier 1,526169.63
53449.22,3.0,7.0,3.9,2335.8,Townhouse,Tier 2,583337.86
97983.47,12.0,4.0,1.7,1350.2,Single Family,Tier 3,537963.66
21775.12,28.0,6.0,2.8,2136.3,Townhouse,Tier 3,394933.82
86372.25,30.0,5.0,1.8,1355.7,Townhouse,Tier 3,438621.18
25133.09,26.0,6.0,3.1,2424.7,Single Family,Tier 3,501704.88
23042.18,48.0,5.0,,1832.8,Condo,Tier 3,338526.23
23075.01,21.0,5.0,2.7,1974.6,Townhouse,Tier 2,411355.54
90829.65,28.0,4.0,2.1,1658.1,Condo,Tier 1,573687.79
64239.61,26.0,4.0,1.5,1281.5,Single Family,Tier 2,421894.74
48316.92,33.0,5.0,2.6,1251.1,Condo,Tier 1,421340.12
35000.76,21.0,3.0,1.6,1187.6,Single Family,Tier 3,355690.92
109374.12,35.0,5.0,,1692.7,,Tier 2,598068.11
37424.07,52.0,7.0,2.5,2132.7,Single Family,Tier 2,507319.52
91323.72,34.0,3.0,0.9,1119.2,Single Family,Tier 1,504599.96
41022.37,41.0,0.0,0.0,0.0,Condo,Tier 2,144735.34
36290.38,51.0,5.0,2.0,1728.2,,Tier 1,497638.9
42952.25,47.0,4.0,1.9,1552.2,Single Family,Tier 1,424666.45
31139.04,18.0,1.0,0.4,310.5,Condo,Tier 2,171840.68
76954.98,11.0,5.0,2.8,1412.6,Townhouse,Tier 1,509300.59
46437.13,23.0,5.0,1.9,1932.8,Condo,Tier 2,472244.92
26890.91,48.0,3.0,1.1,1115.5,Single Family,Tier 2,303427.85
118425.29,22.0,1.0,0.4,331.4,Condo,Tier 3,368228.76
36794.93,17.0,5.0,2.2,2091.2,Single Family,Tier 2,504368.27
50292.71,5.0,11.0,4.0,3073.6,Apartment,Tier 2,711713.93
121627.3,44.0,5.0,1.9,1504.0,Townhouse,Tier 3,520996.59
59045.97,11.0,5.0,1.8,1641.4,Townhouse,Tier 2,481986.09
20594.16,30.0,7.0,,2350.2,Single Family,Tier 2,546610.67
707388.75,15.0,4.0,2.1,1634.5,Single Family,Tier 2,1924501.37
59463.46,27.0,1.0,0.4,352.0,Single Family,Tier 3,250492.53
33352.18,35.0,5.0,2.6,1711.4,Single Family,Tier 1,457123.17
21748.96,33.0,7.0,3.6,2094.4,Single Family,Tier 2,524808.15
86100.06,20.0,3.0,1.0,1180.4,Condo,Tier 3,382848.36
58549.9,16.0,3.0,1.8,913.6,,Tier 1,426520.68
49308.62,34.0,9.0,4.9,2691.1,Condo,Tier 3,606410.26
115948.65,2.0,1.0,,334.0,Single Family,Tier 2,434768.61
84929.55,35.0,6.0,2.1,2139.2,Single Family,Tier 2,611218.56
22402.11,40.0,6.0,2.0,1927.2,Condo,Tier 3,399257.69
,28.0,5.0,1.7,1891.4,Condo,Tier 1,442475.48
27855.13,47.0,4.0,2.1,1354.7,Townhouse,Tier 3,258632.34
76306.56,39.0,7.0,3.1,2744.8,Single Family,Tier 3,668510.76
16534.84,6.0,7.0,3.7,2591.4,Townhouse,Tier 2,516244.71
52967.11,9.0,21.0,11.0,8854.8,Single Family,Tier 3,1591943.13
79683.62,20.0,5.0,2.4,1661.6,Single Family,Tier 1,589225.15
109215.03,1.0,3.0,1.5,1151.3,Townhouse,Tier 3,493447.16
33840.36,8.0,5.0,1.5,1392.6,Single Family,Tier 1,468423.72
92481.36,23.0,3.0,1.2,1397.0,Single Family,Tier 1,565529.25
20275.97,3.0,1.0,,381.8,Apartment,Tier 1,213747.12
99318.48,4.0,2.0,0.6,676.3,Condo,Tier 1,466480.87
21137.08,25.0,6.0,1.9,2037.8,Single Family,Tier 1,492686.31
37784.16,47.0,4.0,2.2,4761.7,Townhouse,Tier 3,747577.68
86820.24,38.0,9.0,4.5,3812.4,Single Family,Tier 3,884927.04
22308.98,15.0,4.0,1.5,1543.8,Condo,Tier 1,404494.14
26717.69,21.0,6.0,3.0,1993.6,Townhouse,Tier 1,520194.81
72646.94,35.0,8.0,4.3,2403.6,Single Family,Tier 3,668820.94
72289.33,53.0,5.0,2.0,1989.2,Single Family,Tier 2,533724.34
61117.99,53.0,3.0,0.9,1150.6,Single Family,Tier 1,420891.98
68280.08,46.0,4.0,2.3,1513.0,Townhouse,Tier 2,411296.14
50211.11,52.0,3.0,1.2,1040.0,,Tier 2,293866.36
28053.77,14.0,6.0,2.0,2028.1,Single Family,Tier 1,548946.7
,36.0,6.0,2.7,2504.5,Single Family,Tier 2,520612.01
24018.06,12.0,9.0,4.8,3790.2,,Tier 2,775956.62
122589.43,17.0,20.0,7.3,7512.1,Single Family,Tier 1,1620094.42
54402.41,39.0,5.0,1.9,1944.0,Single Family,Tier 3,500788.11
38051.05,9.0,3.0,1.1,1078.3,Townhouse,Tier 2,334671.51
42895.84,35.0,8.0,4.8,2361.6,Townhouse,Tier 1,595213.93
147427.07,13.0,6.0,2.2,1864.9,Apartment,Tier 1,753475.86
22491.13,15.0,5.0,2.4,1979.2,,Tier 1,480133.35
54710.01,18.0,1.0,,400.9,Townhouse,Tier 2,270910.05
46724.75,51.0,3.0,1.0,1176.5,Condo,Tier 1,328474.9
57540.49,33.0,2.0,,727.7,Apartment,Tier 2,281249.7
15822.43,6.0,7.0,4.1,2755.6,Single Family,Tier 1,675573.42
107551.21,27.0,2.0,,695.3,Single Family,Tier 2,452799.99
136049.48,23.0,2.0,0.7,749.7,Single Family,Tier 3,463338.26
52472.2,27.0,8.0,,2734.5,Townhouse,Tier 2,587954.18
343395.92,34.0,3.0,1.6,923.2,Condo,Tier 2,959953.48
130086.12,46.0,6.0,3.6,2307.5,Single Family,Tier 3,693428.4
70277.89,38.0,6.0,2.1,2406.0,Townhouse,Tier 2,562607.49
22447.97,14.0,2.0,1.1,897.9,Townhouse,Tier 2,297198.45
53641.6,36.0,5.0,2.0,1802.8,Single Family,Tier 2,489765.95
56994.94,53.0,2.0,0.7,2156.6,Single Family,Tier 3,473001.91
39834.35,8.0,2.0,0.9,673.7,Single Family,Tier 1,359885.04
75007.06,35.0,5.0,2.7,1722.8,Single Family,Tier 1,564856.36
137565.46,19.0,4.0,1.8,1423.8,Condo,Tier 2,578860.68
131904.43,30.0,3.0,1.4,1106.5,Condo,Tier 2,538354.99
41971.39,14.0,5.0,3.0,1822.6,Condo,Tier 3,388361.08
20408.04,20.0,8.0,3.4,3048.7,Condo,Tier 1,650151.2
203512.83,49.0,7.0,3.4,2505.3,Condo,Tier 1,923587.35
97157.31,25.0,5.0,2.0,1304.9,Townhouse,Tier 3,493710.53
20991.57,40.0,6.0,2.5,2154.5,Townhouse,Tier 1,472878.16
,24.0,3.0,1.5,1060.4,Townhouse,Tier 1,528856.53
106774.08,14.0,5.0,2.9,1860.1,Townhouse,Tier 2,615340.31
47919.81,26.0,8.0,3.7,2684.3,Single Family,Tier 3,639320.67
55262.12,38.0,5.0,2.7,1794.7,Condo,Tier 3,422758.31
,23.0,6.0,2.0,2233.5,Single Family,Tier 3,532974.94
17534.32,22.0,5.0,1.8,1718.0,Townhouse,Tier 1,425265.52
33371.92,48.0,5.0,2.3,1885.2,Single Family,Tier 2,457050.16
88071.36,19.0,7.0,2.1,2469.6,Single Family,Tier 1,721122.49
15208.93,46.0,5.0,1.9,1781.3,Apartment,Tier 3,358662.7
33257.13,51.0,4.0,1.8,932.4,Single Family,Tier 2,320770.29
37850.01,3.0,7.0,2.1,2129.7,Single Family,Tier 1,622869.61
49689.74,42.0,6.0,2.3,1826.1,Single Family,Tier 2,491288.85
128576.65,19.0,9.0,4.1,3227.9,Condo,Tier 2,893059.99
34132.97,9.0,4.0,1.9,1603.5,Townhouse,Tier 2,399269.66
34174.79,28.0,1.0,0.6,345.3,Townhouse,Tier 3,146181.02
75187.9,20.0,8.0,3.9,3071.5,Condo,Tier 1,791424.88
42084.5,45.0,5.0,2.1,1879.7,Single Family,Tier 1,457690.65
26447.21,7.0,6.0,3.5,2133.6,,Tier 1,621610.58
210513.53,14.0,5.0,2.7,1864.8,Single Family,Tier 1,925140.01
109159.48,9.0,6.0,2.2,2159.0,Condo,Tier 1,698137.86
23732.45,19.0,8.0,2.7,2754.5,Townhouse,Tier 2,577469.34
46044.96,47.0,2.0,1.0,731.3,Single Family,Tier 1,342699.92
39429.43,52.0,4.0,1.9,1631.5,Single Family,Tier 3,379471.06
,14.0,1.0,0.5,368.9,Single Family,Tier 1,526040.03
35251.56,38.0,6.0,3.1,2152.3,Townhouse,Tier 1,535742.28
54100.61,53.0,8.0,3.9,2519.2,Single Family,Tier 1,698263.77
60017.58,36.0,7.0,4.2,2846.4,Single Family,Tier 3,616983.27
15593.14,40.0,6.0,2.8,1762.3,Single Family,Tier 2,423088.02
64017.07,17.0,4.0,1.3,1127.0,Townhouse,Tier 3,353940.89
23822.64,30.0,3.0,1.6,1094.6,Townhouse,Tier 3,236929.39
161069.92,9.0,6.0,2.3,1888.6,Single Family,Tier 3,759662.59
22242.61,33.0,6.0,,2361.4,Townhouse,Tier 3,442536.22
39097.55,52.0,3.0,1.8,848.0,Townhouse,Tier 1,303767.32
19014.6,25.0,1.0,0.5,388.5,Apartment,Tier 3,137235.64
274563.67,14.0,8.0,,3062.7,Single Family,Tier 3,1196765.28
46389.61,11.0,2.0,0.9,709.4,Townhouse,Tier 3,276368.19
55716.87,53.0,5.0,2.0,1330.1,Townhouse,Tier 1,452538.06
18124.44,35.0,4.0,1.6,1124.3,Single Family,Tier 2,340362.42
77376.13,41.0,6.0,2.9,2157.6,Condo,Tier 1,572358.41
25602.13,14.0,4.0,2.1,1362.8,Single Family,Tier 1,426145.31
117749.17,30.0,5.0,2.5,1895.5,Single Family,Tier 2,654943.88
25331.5,41.0,5.0,1.8,1736.4,Single Family,Tier 3,404690.2
24520.67,4.0,6.0,2.7,2062.8,,Tier 2,539181.85
16675.55,4.0,3.0,1.6,758.8,,Tier 3,279599.31
43745.36,28.0,5.0,2.2,1914.5,Townhouse,Tier 1,504941.41
52441.98,8.0,5.0,2.3,1620.2,Condo,Tier 1,478508.32
18058.51,2.0,4.0,2.1,1336.3,Condo,Tier 2,339499.14
82230.12,41.0,4.0,2.0,1228.8,Single Family,Tier 2,431924.06
42172.56,46.0,4.0,1.7,1153.5,Townhouse,Tier 3,310842.72
48442.09,22.0,4.0,2.3,5724.4,Condo,Tier 1,969930.23
,41.0,6.0,2.1,2290.9,Single Family,Tier 2,510867.34
38044.42,16.0,6.0,3.6,2294.9,Townhouse,Tier 2,524052.15
51907.36,29.0,6.0,2.0,2048.0,Condo,Tier 1,539115.12
22591.64,49.0,7.0,2.1,1963.4,Townhouse,Tier 3,431276.2
24036.23,48.0,5.0,2.8,2170.4,Single Family,Tier 2,443841.38
104052.72,30.0,8.0,3.0,2935.1,Single Family,Tier 2,814495.13
146441.03,12.0,4.0,2.1,1421.9,Townhouse,Tier 3,627258.06
36028.6,35.0,5.0,2.7,1678.2,Apartment,Tier 1,435744.7
146039.56,11.0,1.0,0.6,268.2,Single Family,Tier 3,467123.09
61477.05,46.0,7.0,4.2,2769.6,Apartment,Tier 1,664955.02
38647.03,50.0,5.0,1.9,1538.5,Single Family,Tier 1,428648.52
16157.14,21.0,9.0,4.6,3346.8,Single Family,Tier 3,644414.48
22640.26,21.0,5.0,1.7,1904.2,Single Family,Tier 3,437833.37
71640.75,5.0,8.0,3.4,2906.9,Townhouse,Tier 2,752721.8
63404.24,48.0,9.0,5.0,3319.2,Single Family,Tier 2,738196.77
16236.14,20.0,5.0,2.1,2019.2,Single Family,Tier 3,429653.3
26294.68,37.0,9.0,4.3,2864.7,,Tier 1,649157.73
26824.27,3.0,5.0,2.3,1782.9,Apartment,Tier 1,483621.04
65148.66,44.0,6.0,3.0,2046.0,Single Family,Tier 2,600694.92
15895.83,33.0,3.0,1.8,829.3,Single Family,Tier 1,327746.0
19947.12,53.0,5.0,1.6,1807.3,Condo,Tier 1,395235.54
87405.83,9.0,5.0,2.4,2000.3,Townhouse,Tier 3,556757.71
23850.5,9.0,8.0,,11341.5,Single Family,Tier 1,1672158.52
62596.46,4.0,7.0,3.1,2970.1,Apartment,Tier 3,634222.95
27242.19,35.0,8.0,2.6,2232.4,Single Family,Tier 2,543638.31
19713.3,17.0,12.0,5.6,4981.7,Townhouse,Tier 2,904317.1
27537.88,34.0,2.0,0.8,714.8,Single Family,Tier 2,281505.82
72649.27,24.0,6.0,,2484.1,Townhouse,Tier 2,607655.04
102112.64,32.0,4.0,2.2,1336.8,Single Family,Tier 1,611270.27
94796.29,1.0,7.0,3.2,2301.4,Townhouse,Tier 1,687348.05
37776.41,8.0,4.0,2.3,1205.6,Apartment,Tier 3,314741.49
64629.46,45.0,4.0,2.2,1524.2,Townhouse,Tier 1,440691.14
25322.7,23.0,3.0,1.5,1111.7,Townhouse,Tier 1,332637.48
30612.01,47.0,6.0,1.8,1831.9,Single Family,Tier 3,404834.23
116996.94,40.0,6.0,2.6,1580.6,Condo,Tier 3,582004.9
15588.92,12.0,4.0,1.4,1466.4,Apartment,Tier 2,332089.03
19022.42,54.0,7.0,4.0,2598.2,Condo,Tier 1,501478.65
25487.26,12.0,6.0,2.1,1863.1,Townhouse,Tier 2,467349.35
16210.07,46.0,6.0,2.3,1814.9,Apartment,Tier 3,358401.42
24009.14,47.0,6.0,2.7,2257.4,Single Family,Tier 1,539003.13
54364.59,15.0,2.0,0.8,848.5,Townhouse,Tier 1,358471.65
39623.38,41.0,4.0,1.5,1320.8,Townhouse,Tier 3,327902.7
115433.84,19.0,2.0,1.0,629.6,Townhouse,Tier 3,374038.92
91531.32,26.0,19.0,6.2,6877.1,Condo,Tier 3,1343467.98
33822.28,52.0,4.0,1.3,1501.6,Townhouse,Tier 1,357244.74
28514.68,29.0,3.0,1.2,1006.3,Single Family,Tier 2,363774.35
36489.29,22.0,5.0,2.6,2155.0,Single Family,Tier 2,544335.06
55154.3,40.0,6.0,2.8,2316.4,Single Family,Tier 1,594229.51
29042.78,21.0,4.0,1.7,1339.0,Townhouse,Tier 1,381222.6
59035.3,51.0,4.0,1.9,1145.2,Single Family,Tier 1,428893.61
38698.62,38.0,2.0,0.8,805.6,Single Family,Tier 2,340282.55
51138.03,20.0,9.0,5.2,3579.1,Townhouse,Tier 2,751923.06
40781.64,29.0,9.0,2.8,3041.0,Condo,Tier 3,612283.34
30696.0,51.0,8.0,4.0,2912.2,Apartment,Tier 3,544727.0
148437.02,4.0,6.0,3.4,2063.9,Apartment,Tier 3,694688.1
79901.45,7.0,8.0,4.3,2966.6,Condo,Tier 3,707900.73
21792.95,28.0,4.0,1.4,1236.0,Single Family,Tier 1,367047.58
106282.72,28.0,7.0,2.7,2123.1,Condo,Tier 1,649040.02
45074.41,4.0,6.0,3.1,2294.6,Single Family,Tier 2,630448.07
116229.28,22.0,6.0,2.0,2325.0,Condo,Tier 1,723767.86
87392.15,12.0,7.0,3.8,2312.6,Townhouse,Tier 3,610940.39
39919.05,45.0,2.0,,640.1,Condo,Tier 1,232686.76
16022.65,3.0,7.0,3.6,2771.3,Single Family,Tier 1,630785.75
,22.0,6.0,2.0,1928.3,Single Family,Tier 2,486994.06
50103.95,44.0,6.0,3.1,2113.3,Townhouse,Tier 2,507325.57
60166.38,2.0,6.0,,2082.9,Single Family,Tier 2,581832.6
28421.46,24.0,5.0,2.7,1456.6,Apartment,Tier 2,363846.31
21753.35,34.0,7.0,2.2,2503.8,Townhouse,Tier 1,520020.58
96062.42,27.0,5.0,1.5,1768.9,Townhouse,Tier 1,587842.09
202228.09,41.0,9.0,3.7,3279.7,Apartment,Tier 3,950402.18
48565.25,1.0,6.0,2.1,2138.0,,Tier 1,562116.59
23475.97,8.0,5.0,2.3,2177.1,Single Family,Tier 1,556897.95
29304.44,23.0,3.0,,1189.4,Single Family,Tier 2,331089.04
15835.28,38.0,10.0,,3515.5,Townhouse,Tier 1,707090.58
125559.98,6.0,3.0,1.7,1065.6,Condo,Tier 2,550374.64
20637.65,22.0,4.0,1.2,1682.2,Condo,Tier 2,391004.78
53665.83,25.0,4.0,1.4,1538.1,Apartment,Tier 3,398545.65
29412.66,18.0,5.0,1.5,1504.2,Single Family,Tier 2,427723.78
51352.6,17.0,8.0,3.2,3103.7,Single Family,Tier 1,757407.51
62424.99,12.0,17.0,9.7,6795.1,Single Family,Tier 2,1350752.88
94669.76,6.0,12.0,3.9,4976.5,Condo,Tier 1,1128839.53
25404.11,26.0,4.0,1.9,1335.8,Single Family,Tier 1,377735.7
15497.55,27.0,2.0,0.9,662.0,Single Family,Tier 2,224653.8
21624.36,8.0,3.0,1.7,937.0,Townhouse,Tier 1,300332.67
118624.72,19.0,1.0,0.3,362.3,Single Family,Tier 2,442188.85
108177.06,42.0,8.0,2.9,3034.5,Condo,Tier 2,749145.94
55942.99,1.0,8.0,2.5,2635.7,,Tier 3,620094.93
56291.27,29.0,6.0,2.6,2066.0,Single Family,Tier 3,567115.48
64218.04,45.0,3.0,1.2,803.6,Single Family,Tier 1,417123.77
23676.99,49.0,5.0,2.8,2051.9,Condo,Tier 2,433040.14
125619.43,35.0,5.0,2.4,1437.0,Single Family,Tier 1,633464.23
39417.43,40.0,5.0,2.4,6387.3,Single Family,Tier 2,955771.47
36739.99,14.0,3.0,1.4,1078.6,Single Family,Tier 1,396548.34
47927.26,35.0,9.0,2.9,11082.7,,Tier 1,1665567.16
17164.71,48.0,6.0,,2116.5,Condo,Tier 2,376262.72
23183.78,45.0,7.0,4.2,2166.7,Single Family,Tier 2,515581.92
75279.26,20.0,5.0,2.8,1684.4,Apartment,Tier 2,491903.83
18889.27,49.0,4.0,2.3,1555.0,Single Family,Tier 2,344229.0
56589.1,13.0,4.0,2.2,1602.4,Condo,Tier 2,444871.73
27667.5,38.0,3.0,,999.5,Condo,Tier 2,304137.42
,49.0,11.0,4.1,3163.4,Townhouse,Tier 2,655398.65
30329.35,46.0,4.0,1.2,1275.4,Townhouse,Tier 1,369605.82
34779.68,49.0,6.0,2.3,2544.6,Single Family,Tier 2,537766.06
72130.38,8.0,8.0,2.7,2569.9,Townhouse,Tier 2,636862.45
30865.72,43.0,4.0,1.8,1384.4,Single Family,Tier 1,384641.55
52603.96,20.0,10.0,5.0,4066.4,Single Family,Tier 1,895616.77
44086.19,33.0,4.0,2.2,1315.7,Condo,Tier 1,403425.93
64034.97,26.0,6.0,3.1,2060.3,Single Family,Tier 2,588763.71
139286.47,39.0,6.0,3.5,2290.7,Condo,Tier 3,701374.29
74350.74,21.0,5.0,1.6,2092.4,Single Family,Tier 1,648458.24
25889.8,53.0,4.0,1.2,1296.7,Townhouse,Tier 2,284579.93
16425.59,49.0,7.0,3.5,2839.8,Apartment,Tier 3,525655.06
28687.62,42.0,3.0,1.2,1016.2,Townhouse,Tier 1,344033.9
55682.73,43.0,6.0,2.3,1887.4,Townhouse,Tier 1,502976.54
17375.79,54.0,5.0,2.0,1799.9,Condo,Tier 1,374537.7
45865.77,41.0,2.0,0.8,607.4,Apartment,Tier 2,209895.84
55879.3,9.0,5.0,2.3,1844.4,Single Family,Tier 2,542880.51
33307.43,24.0,1.0,0.4,476.0,Townhouse,Tier 2,216643.41
81314.25,37.0,3.0,1.4,1182.7,Single Family,Tier 3,415825.46
20072.35,49.0,6.0,3.0,2074.8,Single Family,Tier 2,460993.35
18514.97,41.0,6.0,2.5,2352.5,Single Family,Tier 1,502080.08
73619.13,17.0,12.0,4.5,3752.9,Single Family,Tier 2,922259.92
45787.66,24.0,3.0,1.0,958.4,Townhouse,Tier 1,347316.38
67471.92,21.0,4.0,1.6,1387.7,Condo,Tier 2,446531.85
40678.08,51.0,3.0,1.6,1060.5,Condo,Tier 1,330758.97
27730.33,39.0,4.0,2.1,1193.1,Townhouse,Tier 2,269166.48
91942.07,41.0,0.0,0.0,0.0,Single Family,Tier 1,335753.2
87293.47,39.0,7.0,2.6,2409.5,Single Family,Tier 3,629698.59
68390.2,13.0,7.0,3.3,2881.8,Single Family,Tier 1,755718.8
29294.41,11.0,3.0,1.4,894.8,Townhouse,Tier 2,266425.92
55147.24,46.0,4.0,1.8,1178.2,Single Family,Tier 1,423924.25
35151.45,19.0,6.0,2.8,2142.2,Townhouse,Tier 3,474858.58
19322.28,11.0,4.0,1.8,1584.1,Apartment,Tier 3,323819.8
127171.49,13.0,3.0,1.4,1116.2,Condo,Tier 1,548629.7
21620.87,46.0,4.0,2.1,1448.4,Condo,Tier 3,294678.67
150022.08,45.0,7.0,2.3,2369.2,Townhouse,Tier 2,753001.06
41577.05,1.0,5.0,2.6,1885.2,Single Family,Tier 2,529482.11
